date,ticker,adj_close,return
2015-02-01,AAPL,28.513301849365234,0.10077705121698854
2015-02-01,ACN,73.72794342041016,0.07140284186477053
2015-02-01,AMZN,19.007999420166016,0.07229288887602481
2015-02-01,AVGO,9.586992263793945,0.24047465506139876
2015-02-01,BRK-B,147.41000366210938,0.024320755409177552
2015-02-01,COST,122.12706756591797,0.06436360754245873
2015-02-01,GOOGL,27.8663330078125,0.04665627698581565
2015-02-01,JNJ,74.80083465576172,0.030832248980343646
2015-02-01,JPM,45.17478942871094,0.12688485797061944
2015-02-01,KO,30.020164489746094,0.051736886092194956
2015-02-01,MA,84.01664733886719,0.09874456189174086
2015-02-01,META,78.2208251953125,0.04031096414877533
2015-02-01,MSFT,37.40664291381836,0.09311975981953458
2015-02-01,NVDA,0.5301187038421631,0.1533823704864119
2015-02-01,PEP,69.04615783691406,0.05544873450782184
2015-02-01,PG,61.685184478759766,0.00996555834283308
2015-02-01,TSLA,13.555999755859375,-0.001276991507778158
2015-02-01,UNH,93.40547943115234,0.06945875590730011
2015-02-01,V,62.53546905517578,0.06627091843003385
2015-02-01,WMT,22.543184280395508,-0.012355581775853275
2015-03-01,AAPL,27.618785858154297,-0.03137188375925848
2015-03-01,ACN,76.72521209716797,0.040653089421833544
2015-03-01,AMZN,18.604999542236328,-0.021201593551299025
2015-03-01,AVGO,9.5670747756958,-0.002077553371286678
2015-03-01,BRK-B,144.32000732421875,-0.020961917516625683
2015-03-01,COST,125.89990234375,0.030892699325607342
2015-03-01,GOOGL,27.47357177734375,-0.01409447128757979
2015-03-01,JNJ,73.40713500976562,-0.018632140301775957
2015-03-01,JPM,44.65876770019531,-0.011422781047600528
2015-03-01,KO,28.346853256225586,-0.055739575780541006
2015-03-01,MA,80.53030395507812,-0.04149586414377471
2015-03-01,META,81.43999481201172,0.041154892046474156
2015-03-01,MSFT,34.68539047241211,-0.0727478391385129
2015-03-01,NVDA,0.5029637813568115,-0.05122423013664623
2015-03-01,PEP,67.1492919921875,-0.027472431546544995
2015-03-01,PG,59.37372589111328,-0.037471859850599865
2015-03-01,TSLA,12.584667205810547,-0.07165333192256695
2015-03-01,UNH,97.5613784790039,0.04449309690567782
2015-03-01,V,60.30659484863281,-0.03564176043161049
2015-03-01,WMT,22.224626541137695,-0.014131000097215352
2015-04-01,AAPL,27.77860450744629,0.00578659214466537
2015-04-01,ACN,76.68502044677734,-0.0005238388958732632
2015-04-01,AMZN,21.089000701904297,0.13351256225666064
2015-04-01,AVGO,8.806106567382812,-0.07954032200586036
2015-04-01,BRK-B,141.2100067138672,-0.0215493379470586
2015-04-01,COST,119.20296478271484,-0.053192555644326234
2015-04-01,GOOGL,27.17986488342285,-0.010690524563067738
2015-04-01,JNJ,72.38555908203125,-0.013916575379198104
2015-04-01,JPM,46.94438934326172,0.05117968454504429
2015-04-01,KO,28.353839874267578,0.000246468910634956
2015-04-01,MA,84.24554443359375,0.04613468838498469
2015-04-01,META,78.02272033691406,-0.04196064210202577
2015-04-01,MSFT,41.4927978515625,0.1962615177870013
2015-04-01,NVDA,0.5334830284118652,0.06067881661920871
2015-04-01,PEP,66.79817199707031,-0.005228945603150015
2015-04-01,PG,58.076324462890625,-0.02185144032567521
2015-04-01,TSLA,15.069999694824219,0.1974889322354232
2015-04-01,UNH,91.87876892089844,-0.05824650744688298
2015-04-01,V,60.89666748046875,0.00978454567559317
2015-04-01,WMT,21.089750289916992,-0.05106390647870063
2015-05-01,AAPL,29.03805160522461,0.045338746136103225
2015-05-01,ACN,79.4908676147461,0.036589247177890805
2015-05-01,AMZN,21.46150016784668,0.017663210846626143
2015-05-01,AVGO,11.156061172485352,0.2668551177664147
2015-05-01,BRK-B,143.0,0.012676107931641534
2015-05-01,COST,118.81964874267578,-0.003215658609983185
2015-05-01,GOOGL,27.008989334106445,-0.006286843221969929
2015-05-01,JNJ,73.60432434082031,0.01683713263038955
2015-05-01,JPM,48.81443405151367,0.039835318648582474
2015-05-01,KO,28.633464813232422,0.00986197778518938
2015-05-01,MA,86.15999603271484,0.0227246629123532
2015-05-01,META,78.43873596191406,0.005331980520591806
2015-05-01,MSFT,40.234153747558594,-0.03033403793368228
2015-05-01,NVDA,0.5342623591423035,0.0014608350949012472
2015-05-01,PEP,67.71810150146484,0.013771776635367772
2015-05-01,PG,57.25826644897461,-0.01408591231421219
2015-05-01,TSLA,16.719999313354492,0.10948902799891669
2015-05-01,UNH,99.14491271972656,0.07908403523651697
2015-05-01,V,63.4322624206543,0.04163766335815966
2015-05-01,WMT,20.195026397705078,-0.04242458445037545
2015-06-01,AAPL,27.957040786743164,-0.03722738815874782
2015-06-01,ACN,80.10334777832031,0.007705038100006778
2015-06-01,AMZN,21.704500198364258,0.011322602269977278
2015-06-01,AVGO,10.043662071228027,-0.09971253151613035
2015-06-01,BRK-B,136.11000061035156,-0.048181813913625415
2015-06-01,COST,112.54491424560547,-0.05280889620082385
2015-06-01,GOOGL,26.747482299804688,-0.009682222132300633
2015-06-01,JNJ,71.63449096679688,-0.026762467989003502
2015-06-01,JPM,50.28377151489258,0.030100471139915763
2015-06-01,KO,27.650346755981445,-0.03433458240780718
2015-06-01,MA,87.29934692382812,0.013223664619026465
2015-06-01,META,84.95630645751953,0.08309122292294546
2015-06-01,MSFT,37.90732955932617,-0.0578320648380386
2015-06-01,NVDA,0.48549553751945496,-0.09127878988356586
2015-06-01,PEP,66.03142547607422,-0.02490731411532765
2015-06-01,PG,57.14869689941406,-0.0019136022858496915
2015-06-01,TSLA,17.884000778198242,0.0696173153496511
2015-06-01,UNH,101.04743194580078,0.01918927733037057
2015-06-01,V,62.019195556640625,-0.022276784873962785
2015-06-01,WMT,19.28682518005371,-0.0449715291164251
2015-07-01,AAPL,27.036508560180664,-0.032926668941263726
2015-07-01,ACN,85.34259033203125,0.0654060373133234
2015-07-01,AMZN,26.8075008392334,0.23511256164533667
2015-07-01,AVGO,9.455078125,-0.05860252386568621
2015-07-01,BRK-B,142.74000549316406,0.048710637374784316
2015-07-01,COST,121.07785034179688,0.07581805142762899
2015-07-01,GOOGL,32.565120697021484,0.21750228047666664
2015-07-01,JNJ,73.65576934814453,0.02821655258616329
2015-07-01,JPM,51.18757629394531,0.017974084914952115
2015-07-01,KO,28.954269409179688,0.04715755157450863
2015-07-01,MA,91.11441802978516,0.04370102687349786
2015-07-01,META,93.11814880371094,0.09607105918937942
2015-07-01,MSFT,40.096763610839844,0.057757538633449235
2015-07-01,NVDA,0.48163285851478577,-0.007956157587780899
2015-07-01,PEP,68.16077423095703,0.032247505479862104
2015-07-01,PG,56.482582092285156,-0.011655817949818181
2015-07-01,TSLA,17.74333381652832,-0.007865519769010731
2015-07-01,UNH,100.55048370361328,-0.004917970032667918
2015-07-01,V,69.5833969116211,0.12196548644479388
2015-07-01,WMT,19.57234001159668,0.01480362002960689
2015-08-01,AAPL,25.246797561645508,-0.06619608425220413
2015-08-01,ACN,78.02587127685547,-0.08573350101877131
2015-08-01,AMZN,25.644500732421875,-0.04338338414259957
2015-08-01,AVGO,9.517791748046875,0.006632797975624882
2015-08-01,BRK-B,134.0399932861328,-0.06095006215652632
2015-08-01,COST,117.02394104003906,-0.03348184073564098
2015-08-01,GOOGL,32.08567810058594,-0.014722580054168155
2015-08-01,JNJ,69.60504913330078,-0.054995287547638494
2015-08-01,JPM,47.87864303588867,-0.0646432884232504
2015-08-01,KO,27.713768005371094,-0.04284347107080877
2015-08-01,MA,86.40899658203125,-0.05164299514282922
2015-08-01,META,88.58159637451172,-0.048718241153634545
2015-08-01,MSFT,37.61281967163086,-0.06194873888867858
2015-08-01,NVDA,0.5449954867362976,0.1315579431538445
2015-08-01,PEP,65.74137115478516,-0.0354955339558487
2015-08-01,PG,52.04204559326172,-0.07861780277268804
2015-08-01,TSLA,16.604000091552734,-0.06421193090073474
2015-08-01,UNH,95.82943725585938,-0.046952001361523554
2015-08-01,V,65.96002197265625,-0.05207240663411339
2015-08-01,WMT,17.72115135192871,-0.09458187720891487
2015-09-01,AAPL,24.696006774902344,-0.021816263444830564
2015-09-01,ACN,81.32833862304688,0.042325286371662774
2015-09-01,AMZN,25.594499588012695,-0.0019497803810220038
2015-09-01,AVGO,9.474869728088379,-0.00450966159953059
2015-09-01,BRK-B,130.39999389648438,-0.02715606962078998
2015-09-01,COST,120.80077362060547,0.03227401629957227
2015-09-01,GOOGL,31.617637634277344,-0.014587208188068357
2015-09-01,JNJ,69.13845825195312,-0.006703405674695961
2015-09-01,JPM,45.54072570800781,-0.04883006659416833
2015-09-01,KO,28.522626876831055,0.029186174586696367
2015-09-01,MA,84.30421447753906,-0.024358367620830323
2015-09-01,META,89.04714965820312,0.0052556434151751485
2015-09-01,MSFT,38.25236892700195,0.017003491388162706
2015-09-01,NVDA,0.5976040959358215,0.09653035755317951
2015-09-01,PEP,67.22804260253906,0.022613940379393682
2015-09-01,PG,52.97730255126953,0.017971179790229108
2015-09-01,TSLA,16.559999465942383,-0.0026500015278088096
2015-09-01,UNH,96.50181579589844,0.00701640914621926
2015-09-01,V,64.44280242919922,-0.023002107914487868
2015-09-01,WMT,17.75126838684082,0.001699496512049814
2015-10-01,AAPL,26.7558650970459,0.08340855835190797
2015-10-01,ACN,89.68113708496094,0.10270464887557718
2015-10-01,AMZN,31.295000076293945,0.2227236546930227
2015-10-01,AVGO,9.332381248474121,-0.015038568730063817
2015-10-01,BRK-B,136.02000427246094,0.043098241096835466
2015-10-01,COST,132.12298583984375,0.0937263221078164
2015-10-01,GOOGL,36.52196502685547,0.15511365679203193
2015-10-01,JNJ,74.8265380859375,0.08227085153180558
2015-10-01,JPM,48.33695602416992,0.06140065343030798
2015-10-01,KO,30.108003616333008,0.05558312515702246
2015-10-01,MA,92.75981903076172,0.10029871704071747
2015-10-01,META,101.00263214111328,0.13426013666692138
2015-10-01,MSFT,45.49492645263672,0.18933618305982391
2015-10-01,NVDA,0.6877902746200562,0.1509129192680767
2015-10-01,PEP,72.85296630859375,0.08366930656169735
2015-10-01,PG,56.7524528503418,0.07125976818881652
2015-10-01,TSLA,13.795332908630371,-0.16694846898986193
2015-10-01,UNH,97.97416687011719,0.015257236996791601
2015-10-01,V,71.76963806152344,0.11369517395482487
2015-10-01,WMT,15.670615196228027,-0.11721152231325627
2015-11-01,AAPL,26.600576400756836,-0.005803912365599739
2015-11-01,ACN,89.69789123535156,0.00018681911196938294
2015-11-01,AMZN,33.2400016784668,0.06215055431957639
2015-11-01,AVGO,9.887184143066406,0.05944923163988802
2015-11-01,BRK-B,134.08999633789062,-0.014189147727891038
2015-11-01,COST,135.22900390625,0.023508536736910335
2015-11-01,GOOGL,37.78297424316406,0.03452741974264928
2015-11-01,JNJ,75.53484344482422,0.009465964576274244
2015-11-01,JPM,50.16511154174805,0.03782107248673228
2015-11-01,KO,30.532316207885742,0.01409301649354644
2015-11-01,MA,91.75715637207031,-0.010809234743751395
2015-11-01,META,103.25109100341797,0.022261388784039937
2015-11-01,MSFT,47.289405822753906,0.03944350524415863
2015-11-01,NVDA,0.7719261050224304,0.1223277407475003
2015-11-01,PEP,71.40574645996094,-0.0198649406051995
2015-11-01,PG,55.60820007324219,-0.020162173080290335
2015-11-01,TSLA,15.350666999816895,0.11274349821695906
2015-11-01,UNH,93.7567138671875,-0.04304658194767508
2015-11-01,V,73.22391510009766,0.02026312348583348
2015-11-01,WMT,16.108644485473633,0.027952271417591934
2015-12-01,AAPL,23.668434143066406,-0.11022852337917777
2015-12-01,ACN,87.4223861694336,-0.02536854584404269
2015-12-01,AMZN,33.794498443603516,0.01668161062386253
2015-12-01,AVGO,11.035228729248047,0.11611441332229377
2015-12-01,BRK-B,132.0399932861328,-0.015288262418861276
2015-12-01,COST,135.2960205078125,0.0004955786083358227
2015-12-01,GOOGL,38.53382110595703,0.019872624583778364
2015-12-01,JNJ,76.63907623291016,0.014618853203721027
2015-12-01,JPM,49.67610549926758,-0.009747930931510274
2015-12-01,KO,30.775896072387695,0.007977772234621483
2015-12-01,MA,91.23238372802734,-0.0057191467651313
2015-12-01,META,103.66710662841797,0.004029164447145961
2015-12-01,MSFT,48.27261734008789,0.020791369657279457
2015-12-01,NVDA,0.8021026849746704,0.03909257603273186
2015-12-01,PEP,71.73360443115234,0.004591478801712956
2015-12-01,PG,59.003849029541016,0.061063817059828995
2015-12-01,TSLA,16.000667572021484,0.04234347420944928
2015-12-01,UNH,98.2803726196289,0.048248904700835205
2015-12-01,V,71.87084197998047,-0.01847856835116679
2015-12-01,WMT,16.92268943786621,0.05053466498231196
2016-01-01,AAPL,21.887571334838867,-0.07524210505278561
2016-01-01,ACN,88.29244232177734,0.009952326749094853
2016-01-01,AMZN,29.350000381469727,-0.13151543200295746
2016-01-01,AVGO,10.165488243103027,-0.07881490338662733
2016-01-01,BRK-B,129.77000427246094,-0.01719167774230923
2016-01-01,COST,126.60027313232422,-0.0642720114224361
2016-01-01,GOOGL,37.70867919921875,-0.021413446241663303
2016-01-01,JNJ,77.9223403930664,0.016744254018098426
2016-01-01,JPM,45.06369400024414,-0.09284970012577665
2016-01-01,KO,30.747236251831055,-0.0009312424401626274
2016-01-01,MA,83.59387969970703,-0.08372579687374426
2016-01-01,META,111.14547729492188,0.07213831763733136
2016-01-01,MSFT,47.933284759521484,-0.007029504494768912
2016-01-01,NVDA,0.7127904891967773,-0.11134758360859176
2016-01-01,PEP,71.28854370117188,-0.006204354758272634
2016-01-01,PG,61.226985931396484,0.03767782845391032
2016-01-01,TSLA,12.74666690826416,-0.20336655637088663
2016-01-01,UNH,96.20851135253906,-0.021081129546674515
2016-01-01,V,69.03491973876953,-0.03945859215063707
2016-01-01,WMT,18.319570541381836,0.08254486431630448
2016-02-01,AAPL,21.859384536743164,-0.0012877992566876495
2016-02-01,ACN,83.87532043457031,-0.0500283124019727
2016-02-01,AMZN,27.625999450683594,-0.0587393835904203
2016-02-01,AVGO,10.18525505065918,0.0019445015412382638
2016-02-01,BRK-B,134.1699981689453,0.03390609348556617
2016-02-01,COST,126.02789306640625,-0.004521159802867936
2016-02-01,GOOGL,35.52297592163086,-0.05796287019337376
2016-02-01,JNJ,79.06572723388672,0.014673415031590142
2016-02-01,JPM,42.64011764526367,-0.05378112932702184
2016-02-01,KO,30.89767837524414,0.004892866538667384
2016-02-01,MA,81.61273956298828,-0.02369958355606372
2016-02-01,META,105.90567779541016,-0.047143614180611526
2016-02-01,MSFT,44.58806610107422,-0.06978905525106471
2016-02-01,NVDA,0.7659459114074707,0.07457369734351071
2016-02-01,PEP,70.22602081298828,-0.014904539116937121
2016-02-01,PG,60.17768096923828,-0.017137948997422936
2016-02-01,TSLA,12.795332908630371,0.003817939286909544
2016-02-01,UNH,99.50012969970703,0.03421337988596895
2016-02-01,V,67.22106170654297,-0.026274500485989782
2016-02-01,WMT,18.31404685974121,-0.0003015180747903967
2016-03-01,AAPL,24.640132904052734,0.12721073471375388
2016-03-01,ACN,96.54109954833984,0.15100722176852832
2016-03-01,AMZN,29.68199920654297,0.07442263797657822
2016-03-01,AVGO,11.784972190856934,0.15706206003100753
2016-03-01,BRK-B,141.8800048828125,0.05746446164632757
2016-03-01,COST,132.37001037597656,0.050323124153385246
2016-03-01,GOOGL,37.78544616699219,0.06369033524535461
2016-03-01,JNJ,81.3127212524414,0.02841931766349015
2016-03-01,JPM,44.85163116455078,0.051864620489215696
2016-03-01,KO,33.49226379394531,0.08397347487376283
2016-03-01,MA,88.72987365722656,0.08720616575731177
2016-03-01,META,113.01753997802734,0.067152794171772
2016-03-01,MSFT,48.4001350402832,0.08549527424148917
2016-03-01,NVDA,0.8702375888824463,0.13616062951930052
2016-03-01,PEP,74.0971908569336,0.0551244396183892
2016-03-01,PG,61.69168472290039,0.02515889162355789
2016-03-01,TSLA,15.317999839782715,0.1971552400524741
2016-03-01,UNH,108.13175964355469,0.08674993660709851
2016-03-01,V,71.01902770996094,0.056499643221914475
2016-03-01,WMT,19.047561645507812,0.04005203172102001
2016-04-01,AAPL,21.192459106445312,-0.1399210714906639
2016-04-01,ACN,95.38359832763672,-0.011989724854164718
2016-04-01,AMZN,32.97949981689453,0.11109428941783261
2016-04-01,AVGO,11.117536544799805,-0.05663446932653282
2016-04-01,BRK-B,145.47999572753906,0.025373489715481812
2016-04-01,COST,124.79987335205078,-0.05718921530960053
2016-04-01,GOOGL,35.06037521362305,-0.07211959179536298
2016-04-01,JNJ,84.22855377197266,0.0358594876007019
2016-04-01,JPM,48.22036361694336,0.07510835982828445
2016-04-01,KO,32.344322204589844,-0.03427482825341277
2016-04-01,MA,91.25160217285156,0.02842028745996772
2016-04-01,META,116.46453857421875,0.030499678163774968
2016-04-01,MSFT,43.70295715332031,-0.09704885912102212
2016-04-01,NVDA,0.8677952885627747,-0.002806475324523716
2016-04-01,PEP,74.44425201416016,0.0046838638983854874
2016-04-01,PG,60.54218292236328,-0.01863301035950482
2016-04-01,TSLA,16.05066680908203,0.047830459391734026
2016-04-01,UNH,110.46385955810547,0.02156720580741789
2016-04-01,V,71.72476959228516,0.009937363338828664
2016-04-01,WMT,18.59702491760254,-0.02365324949671599
2016-05-01,AAPL,22.7135009765625,0.07177278778632101
2016-05-01,ACN,100.4940414428711,0.053577797491769275
2016-05-01,AMZN,36.13949966430664,0.09581709440582009
2016-05-01,AVGO,11.7742919921875,0.059073828517783644
2016-05-01,BRK-B,140.5399932861328,-0.03395657538138841
2016-05-01,COST,125.33905029296875,0.004320332436532182
2016-05-01,GOOGL,37.08957290649414,0.0578772383497661
2016-05-01,JNJ,85.29161834716797,0.012621189936055321
2016-05-01,JPM,49.79973220825195,0.03275314561820619
2016-05-01,KO,32.1999397277832,-0.0044639203101356495
2016-05-01,MA,90.22608947753906,-0.011238297968401034
2016-05-01,META,117.68286895751953,0.010460955739968636
2016-05-01,MSFT,46.770751953125,0.07019650384394205
2016-05-01,NVDA,1.1440664529800415,0.3183598344660543
2016-05-01,PEP,73.14996337890625,-0.01738601168304732
2016-05-01,PG,61.23739242553711,0.011483059738122359
2016-05-01,TSLA,14.881999969482422,-0.0728111083172156
2016-05-01,UNH,112.13323974609375,0.0151124557358977
2016-05-01,V,73.43317413330078,0.02381889200518783
2016-05-01,WMT,19.82854461669922,0.0662213286562312
2016-06-01,AAPL,21.744550704956055,-0.04265966187274617
2016-06-01,ACN,95.69615173339844,-0.047743026756468576
2016-06-01,AMZN,35.78099822998047,-0.009919933525815994
2016-06-01,AVGO,11.891016006469727,0.009913463532217115
2016-06-01,BRK-B,144.7899932861328,0.030240502369650812
2016-06-01,COST,132.30650329589844,0.05558884471075776
2016-06-01,GOOGL,34.84492492675781,-0.060519650236881106
2016-06-01,JNJ,91.8082504272461,0.07640413215696129
2016-06-01,JPM,47.411590576171875,-0.047954909116646904
2016-06-01,KO,32.977943420410156,0.02416165058705566
2016-06-01,MA,82.84992980957031,-0.08175196011132646
2016-06-01,META,113.19583129882812,-0.03812821439891234
2016-06-01,MSFT,45.15585708618164,-0.03452787905915755
2016-06-01,NVDA,1.151167631149292,0.006206963022780343
2016-06-01,PEP,77.17330932617188,0.05500133918625871
2016-06-01,PG,63.9803581237793,0.04479233340279065
2016-06-01,TSLA,14.152000427246094,-0.04905251604174787
2016-06-01,UNH,118.98941802978516,0.06114313917279146
2016-06-01,V,68.99593353271484,-0.06042555906042091
2016-06-01,WMT,20.456069946289062,0.031647573824523434
2016-07-01,AAPL,23.702924728393555,0.09006274951411819
2016-07-01,ACN,95.29068756103516,-0.004236995584659176
2016-07-01,AMZN,37.94049835205078,0.06035326650727413
2016-07-01,AVGO,12.394509315490723,0.04234232875870769
2016-07-01,BRK-B,144.27000427246094,-0.003591332535282876
2016-07-01,COST,140.8832244873047,0.06482463807712269
2016-07-01,GOOGL,39.19403839111328,0.12481339746023479
2016-07-01,JNJ,94.78275299072266,0.03239907687636112
2016-07-01,JPM,49.187808990478516,0.037463801419042264
2016-07-01,KO,31.741182327270508,-0.03750267496590498
2016-07-01,MA,89.79852294921875,0.0838696321845982
2016-07-01,META,122.76419830322266,0.08452932316151096
2016-07-01,MSFT,50.01824951171875,0.10768021557551322
2016-07-01,NVDA,1.3982487916946411,0.21463525715943788
2016-07-01,PEP,79.3441162109375,0.028128985315256427
2016-07-01,PG,65.182373046875,0.018787249061192002
2016-07-01,TSLA,15.652667045593262,0.10603918690237002
2016-07-01,UNH,120.67481231689453,0.014164236744879988
2016-07-01,V,72.6052474975586,0.05231198101163992
2016-07-01,WMT,20.442058563232422,-0.0006849498996351899
2016-08-01,AAPL,24.2635498046875,0.023652147687174496
2016-08-01,ACN,97.14057922363281,0.01941314214374601
2016-08-01,AMZN,38.45800018310547,0.013639826927226206
2016-08-01,AVGO,13.49943733215332,0.08914657196486608
2016-08-01,BRK-B,150.49000549316406,0.04311361361684263
2016-08-01,COST,136.92823791503906,-0.028072799913960056
2016-08-01,GOOGL,39.12024688720703,-0.0018827226521006546
2016-08-01,JNJ,90.92735290527344,-0.0406761775090726
2016-08-01,JPM,51.9020881652832,0.05518194915594021
2016-08-01,KO,31.595684051513672,-0.004583895907110946
2016-08-01,MA,91.10908508300781,0.014594473168898281
2016-08-01,META,124.92353820800781,0.017589329255844444
2016-08-01,MSFT,51.022605895996094,0.020079798755093137
2016-08-01,NVDA,1.5048449039459229,0.0762354402767551
2016-08-01,PEP,78.31338500976562,-0.012990644428273135
2016-08-01,PG,66.49225616455078,0.020095664770194865
2016-08-01,TSLA,14.133999824523926,-0.09702290457247609
2016-08-01,UNH,114.64950561523438,-0.04993011040147777
2016-08-01,V,75.38705444335938,0.0383141307505952
2016-08-01,WMT,20.15044403076172,-0.014265419090189302
2016-09-01,AAPL,25.85291290283203,0.06550414555736106
2016-09-01,ACN,103.19709014892578,0.062347898002028
2016-09-01,AMZN,41.865501403808594,0.08860318280928281
2016-09-01,AVGO,13.24083137512207,-0.01915679525511005
2016-09-01,BRK-B,144.47000122070312,-0.04000268491407821
2016-09-01,COST,128.83538818359375,-0.05910285456581088
2016-09-01,GOOGL,39.82404708862305,0.01799068915503632
2016-09-01,JNJ,90.00543975830078,-0.010139007872945416
2016-09-01,JPM,51.2023811340332,-0.013481288633739874
2016-09-01,KO,31.03969383239746,-0.01759703060106954
2016-09-01,MA,95.95540618896484,0.05319251204796571
2016-09-01,META,127.05313873291016,0.01704723189441193
2016-09-01,MSFT,51.14692687988281,0.0024365863268553944
2016-09-01,NVDA,1.6809903383255005,0.11705221841646174
2016-09-01,PEP,79.7952651977539,0.01892243819882755
2016-09-01,PG,68.35047912597656,0.02794645675471097
2016-09-01,TSLA,13.60200023651123,-0.037639705293445846
2016-09-01,UNH,118.52297973632812,0.03378535389496751
2016-09-01,V,77.06439971923828,0.02224977866908362
2016-09-01,WMT,20.342247009277344,0.009518548485721645
2016-10-01,AAPL,25.964967727661133,0.00433432105891729
2016-10-01,ACN,99.20939636230469,-0.03864153321441888
2016-10-01,AMZN,39.49100112915039,-0.05671734948914742
2016-10-01,AVGO,13.068909645080566,-0.01298420961424851
2016-10-01,BRK-B,144.3000030517578,-0.001176702204671587
2016-10-01,COST,124.9156723022461,-0.03042421757414948
2016-10-01,GOOGL,40.1132926940918,0.007263089178884075
2016-10-01,JNJ,88.37490844726562,-0.018115919609012043
2016-10-01,JPM,53.642520904541016,0.04765676354230908
2016-10-01,KO,31.098363876342773,0.0018901618122302288
2016-10-01,MA,101.0952377319336,0.05356479376312451
2016-10-01,META,129.747314453125,0.021205109508380726
2016-10-01,MSFT,53.206993103027344,0.040277419364462386
2016-10-01,NVDA,1.7457571029663086,0.03852893331042262
2016-10-01,PEP,78.64349365234375,-0.014434083808804399
2016-10-01,PG,66.61425018310547,-0.02540185475029455
2016-10-01,TSLA,13.182000160217285,-0.03087781715857929
2016-10-01,UNH,119.64896392822266,0.00950013401957528
2016-10-01,V,76.8873291015625,-0.002297696709776309
2016-10-01,WMT,19.74991226196289,-0.029118452206598033
2016-11-01,AAPL,25.404098510742188,-0.02160099803711435
2016-11-01,ACN,101.93203735351562,0.02744337825893095
2016-11-01,AMZN,37.528499603271484,-0.0496949044026711
2016-11-01,AVGO,13.085025787353516,0.001233166554106102
2016-11-01,BRK-B,157.44000244140625,0.0910602849047435
2016-11-01,COST,127.1982421875,0.018272886365539476
2016-11-01,GOOGL,38.428321838378906,-0.042005299055419276
2016-11-01,JNJ,85.38753509521484,-0.03380341099683726
2016-11-01,JPM,62.0924072265625,0.15752217046358408
2016-11-01,KO,29.844989776611328,-0.040303538305592856
2016-11-01,MA,96.54209899902344,-0.045038112922622164
2016-11-01,META,117.29656219482422,-0.0959615411754744
2016-11-01,MSFT,53.87039566040039,0.012468333929122277
2016-11-01,NVDA,2.2653145790100098,0.2976115492589968
2016-11-01,PEP,73.9781265258789,-0.05932298922386192
2016-11-01,PG,63.28351593017578,-0.05000032641325769
2016-11-01,TSLA,12.626667022705078,-0.04212813918696334
2016-11-01,UNH,134.56626892089844,0.12467558851261473
2016-11-01,V,72.20265197753906,-0.06092911769422138
2016-11-01,WMT,19.865564346313477,0.005855827753388221
2016-12-01,AAPL,26.622360229492188,0.04795532178537476
2016-12-01,ACN,99.9690170288086,-0.01925812900117929
2016-12-01,AMZN,37.493499755859375,-0.0009326204826226592
2016-12-01,AVGO,13.64457893371582,0.04276286156830533
2016-12-01,BRK-B,162.97999572753906,0.03518796494045162
2016-12-01,COST,135.67193603515625,0.06661801061028316
2016-12-01,GOOGL,39.249019622802734,0.02135658663096196
2016-12-01,JNJ,88.3872299194336,0.03513035972842893
2016-12-01,JPM,66.83240509033203,0.07633780160067305
2016-12-01,KO,30.66600799560547,0.027509415320274178
2016-12-01,MA,97.533935546875,0.01027361698300755
2016-12-01,META,113.95854187011719,-0.02845795530786943
2016-12-01,MSFT,55.551048278808594,0.031198074523214103
2016-12-01,NVDA,2.62255597114563,0.1577005663786184
2016-12-01,PEP,77.3259506225586,0.04525424275929124
2016-12-01,PG,64.52676391601562,0.019645684465628976
2016-12-01,TSLA,14.246000289916992,0.1282470872400494
2016-12-01,UNH,136.02813720703125,0.010863556653949669
2016-12-01,V,72.85631561279297,0.009053180421368046
2016-12-01,WMT,19.63559913635254,-0.011576072340658827
2017-01-01,AAPL,27.893482208251953,0.0477464044435707
2017-01-01,ACN,97.1866455078125,-0.027832338495378806
2017-01-01,AMZN,41.17399978637695,0.0981636831579693
2017-01-01,AVGO,15.399065017700195,0.12858484622409505
2017-01-01,BRK-B,164.13999938964844,0.007117460378687213
2017-01-01,COST,138.92579650878906,0.023983298010796128
2017-01-01,GOOGL,40.62295150756836,0.03500550836605876
2017-01-01,JNJ,86.88353729248047,-0.01701255518838829
2017-01-01,JPM,65.90941619873047,-0.013810499417969968
2017-01-01,KO,30.747364044189453,0.0026529716093350864
2017-01-01,MA,100.65155029296875,0.03196441042405618
2017-01-01,META,129.0836944580078,0.13272504491264314
2017-01-01,MSFT,57.794891357421875,0.04039245249435286
2017-01-01,NVDA,2.6825056076049805,0.022859240038702433
2017-01-01,PEP,76.69776916503906,-0.008123811637128053
2017-01-01,PG,67.760986328125,0.05012218521168754
2017-01-01,TSLA,16.795333862304688,0.1789508297421598
2017-01-01,UNH,137.77908325195312,0.012871940179971508
2017-01-01,V,77.23590087890625,0.060112637171900296
2017-01-01,WMT,18.959489822387695,-0.03443283340986136
2017-02-01,AAPL,31.62500762939453,0.133777683018675
2017-02-01,ACN,104.55223083496094,0.0757880394848729
2017-02-01,AMZN,42.25199890136719,0.026181549535707394
2017-02-01,AVGO,16.28133201599121,0.05729354329479808
2017-02-01,BRK-B,171.4199981689453,0.0443523748407908
2017-02-01,COST,150.5408477783203,0.08360615207123478
2017-02-01,GOOGL,41.84828567504883,0.03016359279684977
2017-02-01,JNJ,94.37791442871094,0.0862577350068261
2017-02-01,JPM,70.57439422607422,0.07077862764370235
2017-02-01,KO,31.035810470581055,0.009381175764434646
2017-02-01,MA,104.56098175048828,0.03884124433394476
2017-02-01,META,134.2541046142578,0.04005471161915031
2017-02-01,MSFT,57.542701721191406,-0.004363528164986863
2017-02-01,NVDA,2.496467113494873,-0.06935250893145684
2017-02-01,PEP,81.57542419433594,0.06359578749677963
2017-02-01,PG,70.44513702392578,0.039612036973651454
2017-02-01,TSLA,16.666000366210938,-0.007700561188844546
2017-02-01,UNH,140.5670166015625,0.020234808388956527
2017-02-01,V,82.27606201171875,0.06525671450009596
2017-02-01,WMT,20.149782180786133,0.06278082213968217
2017-03-01,AAPL,33.16482925415039,0.04869000010373559
2017-03-01,ACN,102.31610107421875,-0.021387680998141367
2017-03-01,AMZN,44.32699966430664,0.049110120630820875
2017-03-01,AVGO,16.977800369262695,0.04277711139281637
2017-03-01,BRK-B,166.67999267578125,-0.027651414909551475
2017-03-01,COST,142.47769165039062,-0.05356125096228448
2017-03-01,GOOGL,41.99042892456055,0.003396632555404011
2017-03-01,JNJ,96.18498992919922,0.019147228580191467
2017-03-01,JPM,68.40936279296875,-0.0306772938945834
2017-03-01,KO,31.667930603027344,0.020367444022300507
2017-03-01,MA,106.46366119384766,0.018196839887174132
2017-03-01,META,140.70242309570312,0.04803069894937506
2017-03-01,MSFT,59.2335319519043,0.02938392150763769
2017-03-01,NVDA,2.679741382598877,0.07341345219942963
2017-03-01,PEP,83.237060546875,0.020369325307834973
2017-03-01,PG,69.50142669677734,-0.013396387132129761
2017-03-01,TSLA,18.553333282470703,0.11324450226739402
2017-03-01,UNH,139.92213439941406,-0.0045877206313367225
2017-03-01,V,83.14617919921875,0.010575581356532027
2017-03-01,WMT,20.62703514099121,0.023685266467057042
2017-04-01,AAPL,33.16251754760742,-6.970355629609681e-05
2017-04-01,ACN,104.60212707519531,0.02234277867291201
2017-04-01,AMZN,46.2495002746582,0.043370871588667814
2017-04-01,AVGO,17.121244430541992,0.008448919068396732
2017-04-01,BRK-B,165.2100067138672,-0.008819210622197593
2017-04-01,COST,150.8297576904297,0.05862016673131687
2017-04-01,GOOGL,45.790279388427734,0.09049325194305458
2017-04-01,JNJ,95.35095977783203,-0.00867110504436408
2017-04-01,JPM,68.14446258544922,-0.0038722800023911486
2017-04-01,KO,32.19770812988281,0.016729148913974923
2017-04-01,MA,110.32460021972656,0.036265322670511635
2017-04-01,META,148.82461547851562,0.05772603061205239
2017-04-01,MSFT,61.571937561035156,0.03947773384557873
2017-04-01,NVDA,2.5658414363861084,-0.04250408153278795
2017-04-01,PEP,84.293701171875,0.012694352948767973
2017-04-01,PG,68.06938171386719,-0.02060454081263574
2017-04-01,TSLA,20.937999725341797,0.12853035120778755
2017-04-01,UNH,149.19569396972656,0.06627657311058943
2017-04-01,V,85.34484100341797,0.026443329391374837
2017-04-01,WMT,21.514163970947266,0.043008063150729026
2017-05-01,AAPL,35.41118240356445,0.06780742302597798
2017-05-01,ACN,107.33574676513672,0.02613350001932835
2017-05-01,AMZN,49.73099899291992,0.0752764613149639
2017-05-01,AVGO,18.56888771057129,0.08455245679729306
2017-05-01,BRK-B,165.27999877929688,0.0004236551212719597
2017-05-01,COST,159.96121215820312,0.06054146481170708
2017-05-01,GOOGL,48.889286041259766,0.0676782647806955
2017-05-01,JNJ,99.69914245605469,0.04560187635608415
2017-05-01,JPM,64.3456039428711,-0.05574713628146344
2017-05-01,KO,33.92885208129883,0.05376606137408069
2017-05-01,MA,116.5464859008789,0.0563961769973389
2017-05-01,META,150.0231475830078,0.008053319006661397
2017-05-01,MSFT,63.17315673828125,0.02600566492907319
2017-05-01,NVDA,3.5548343658447266,0.385445848458811
2017-05-01,PEP,87.56240844726562,0.038777598206605424
2017-05-01,PG,68.66178131103516,0.008702879066217362
2017-05-01,TSLA,22.733999252319336,0.08577703460392128
2017-05-01,UNH,149.45159912109375,0.001715231482613211
2017-05-01,V,89.25464630126953,0.04581185285347211
2017-05-01,WMT,22.643381118774414,0.052487149830783286
2017-06-01,AAPL,33.38516616821289,-0.05721402387138663
2017-06-01,ACN,106.65448760986328,-0.0063469922724264105
2017-06-01,AMZN,48.400001525878906,-0.026763939876424114
2017-06-01,AVGO,18.147274017333984,-0.022705382239846306
2017-06-01,BRK-B,169.3699951171875,0.024745863795365253
2017-06-01,COST,141.78675842285156,-0.1136178795480548
2017-06-01,GOOGL,46.045841217041016,-0.058160898930269656
2017-06-01,JNJ,102.83977508544922,0.03150109972890536
2017-06-01,JPM,71.5908432006836,0.11259882282315892
2017-06-01,KO,33.74163055419922,-0.00551806252245135
2017-06-01,MA,115.19017028808594,-0.01163755047875481
2017-06-01,META,149.54766845703125,-0.003169371751205796
2017-06-01,MSFT,62.35001754760742,-0.013029888534524137
2017-06-01,NVDA,3.5600061416625977,0.00145485704413173
2017-06-01,PEP,86.52843475341797,-0.011808419985048335
2017-06-01,PG,67.92911529541016,-0.010670652605210607
2017-06-01,TSLA,24.107332229614258,0.06040877199179162
2017-06-01,UNH,158.84097290039062,0.06282551564864214
2017-06-01,V,87.8956298828125,-0.015226282045528672
2017-06-01,WMT,21.802175521850586,-0.03715017613806604
2017-07-01,AAPL,34.47698211669922,0.032703624807052245
2017-07-01,ACN,111.08694458007812,0.041559029249932156
2017-07-01,AMZN,49.388999938964844,0.020433850865833714
2017-07-01,AVGO,19.207059860229492,0.05839917564936847
2017-07-01,BRK-B,174.97000122070312,0.03306374366747167
2017-07-01,COST,140.5279083251953,-0.008878474348796184
2017-07-01,GOOGL,46.82939147949219,0.017016743352735064
2017-07-01,JNJ,103.17403411865234,0.003250289422797703
2017-07-01,JPM,72.2996826171875,0.009901258105270427
2017-07-01,KO,34.486427307128906,0.022073525810595296
2017-07-01,MA,121.43406677246094,0.05420511549517859
2017-07-01,META,167.64434814453125,0.12100944049622298
2017-07-01,MSFT,65.76012420654297,0.054692954277546946
2017-07-01,NVDA,4.002049922943115,0.12416938726798765
2017-07-01,PEP,87.36759185791016,0.009698050206080167
2017-07-01,PG,71.34504699707031,0.05028670970915705
2017-07-01,TSLA,21.564666748046875,-0.1054727025516281
2017-07-01,UNH,164.31500244140625,0.034462326949158184
2017-07-01,V,93.31293487548828,0.06163338268237495
2017-07-01,WMT,23.043813705444336,0.05695019666039092
2017-08-01,AAPL,38.165992736816406,0.10699923234668463
2017-08-01,ACN,112.7598876953125,0.01505976351729088
2017-08-01,AMZN,49.029998779296875,-0.007268848531284733
2017-08-01,AVGO,19.62833023071289,0.021933100305252307
2017-08-01,BRK-B,181.16000366210938,0.03537750699103159
2017-08-01,COST,139.4030303955078,-0.008004658598379066
2017-08-01,GOOGL,47.31180191040039,0.010301445644867346
2017-08-01,JNJ,103.5565185546875,0.0037071772883794374
2017-08-01,JPM,71.5829849243164,-0.009912874675617411
2017-08-01,KO,34.26825714111328,-0.0063262617514028285
2017-08-01,MA,126.66011047363281,0.04303605932068688
2017-08-01,META,170.3385467529297,0.016070918215958407
2017-08-01,MSFT,67.99287414550781,0.033952945890918684
2017-08-01,NVDA,4.176387786865234,0.04356214122234414
2017-08-01,PEP,87.3150634765625,-0.000601234167391107
2017-08-01,PG,72.48412322998047,0.015965736667843622
2017-08-01,TSLA,23.726667404174805,0.10025662262199075
2017-08-01,UNH,170.38865661621094,0.03696347919886689
2017-08-01,V,97.18072509765625,0.0414496685516208
2017-08-01,WMT,22.63216209411621,-0.017863866484516322
2017-09-01,AAPL,35.86673355102539,-0.060243662509872564
2017-09-01,ACN,116.47657012939453,0.03296103348492907
2017-09-01,AMZN,48.067501068115234,-0.019630792069039615
2017-09-01,AVGO,18.963443756103516,-0.03387381742584561
2017-09-01,BRK-B,183.32000732421875,0.011923181819636586
2017-09-01,COST,146.117919921875,0.04816889207728137
2017-09-01,GOOGL,48.22708511352539,0.01934576926193543
2017-09-01,JNJ,101.71025085449219,-0.017828599550885005
2017-09-01,JPM,75.2215805053711,0.0508304534227193
2017-09-01,KO,34.13144302368164,-0.003992444578323706
2017-09-01,MA,134.16659545898438,0.05926479107969995
2017-09-01,META,169.2489776611328,-0.0063964916489351875
2017-09-01,MSFT,67.73824310302734,-0.0037449665965810786
2017-09-01,NVDA,4.40635347366333,0.0550632983654773
2017-09-01,PEP,84.0708236694336,-0.03715555687593053
2017-09-01,PG,71.47075653076172,-0.013980533309391086
2017-09-01,TSLA,22.739999771118164,-0.041584754245049704
2017-09-01,UNH,168.41261291503906,-0.011597272614354726
2017-09-01,V,98.79537963867188,0.01661496700495979
2017-09-01,WMT,22.652450561523438,0.0008964440658765227
2017-10-01,AAPL,39.33890914916992,0.096807689309228
2017-10-01,ACN,123.95201873779297,0.06417984836000845
2017-10-01,AMZN,55.263999938964844,0.1497165176249049
2017-10-01,AVGO,20.63429832458496,0.08810923743445431
2017-10-01,BRK-B,186.94000244140625,0.019746863258548686
2017-10-01,COST,143.2629852294922,-0.019538566480478692
2017-10-01,GOOGL,51.16512680053711,0.06092098828066517
2017-10-01,JNJ,109.0641098022461,0.07230204316646915
2017-10-01,JPM,79.701416015625,0.05955518988243047
2017-10-01,KO,34.867008209228516,0.0215509547907633
2017-10-01,MA,141.57870483398438,0.055245565035343835
2017-10-01,META,178.351806640625,0.05378365710260136
2017-10-01,MSFT,75.64056396484375,0.11665966667894345
2017-10-01,NVDA,5.097489356994629,0.15684985044032485
2017-10-01,PEP,83.16545867919922,-0.010769074819514945
2017-10-01,PG,68.33396911621094,-0.04388910327541695
2017-10-01,TSLA,22.101999282836914,-0.028056310233193882
2017-10-01,UNH,180.76939392089844,0.07337206395635665
2017-10-01,V,103.24510955810547,0.045039858500546925
2017-10-01,WMT,25.31079864501953,0.1173536645086628
2017-11-01,AAPL,40.136619567871094,0.020277898801827954
2017-11-01,ACN,128.87149047851562,0.03968851649870464
2017-11-01,AMZN,58.837501525878906,0.06466237678888143
2017-11-01,AVGO,21.731258392333984,0.053161975779037585
2017-11-01,BRK-B,193.00999450683594,0.03247026846130607
2017-11-01,COST,164.51695251464844,0.1483563060696358
2017-11-01,GOOGL,51.32014846801758,0.0030298306126517183
2017-11-01,JNJ,109.66903686523438,0.005546527304767235
2017-11-01,JPM,82.79884338378906,0.038862890059027766
2017-11-01,KO,34.99231719970703,0.0035939128968727196
2017-11-01,MA,143.19659423828125,0.011427491204938134
2017-11-01,META,175.49913024902344,-0.015994659349594653
2017-11-01,MSFT,76.92523956298828,0.01698395055253199
2017-11-01,NVDA,4.950572967529297,-0.0288213234351804
2017-11-01,PEP,88.5209732055664,0.06439589958885983
2017-11-01,PG,71.2227783203125,0.042274863314155864
2017-11-01,TSLA,20.59000015258789,-0.06841006150168283
2017-11-01,UNH,196.86721801757812,0.08905171250241528
2017-11-01,V,105.88257598876953,0.025545679034605584
2017-11-01,WMT,28.186561584472656,0.11361802445609492
2017-12-01,AAPL,39.52470779418945,-0.015245722740723
2017-12-01,ACN,133.29464721679688,0.03432222846075206
2017-12-01,AMZN,58.4734992980957,-0.006186568401839843
2017-12-01,AVGO,20.2193660736084,-0.06957223974010307
2017-12-01,BRK-B,198.22000122070312,0.026993455583372183
2017-12-01,COST,166.0244140625,0.009162955700369846
2017-12-01,GOOGL,52.17353439331055,0.01662867218369013
2017-12-01,JNJ,109.97601318359375,0.002799115658657536
2017-12-01,JPM,84.71595001220703,0.023153785126342807
2017-12-01,KO,35.07640075683594,0.0024029148069568684
2017-12-01,MA,144.04354858398438,0.005914626323401118
2017-12-01,META,174.78598022460938,-0.004063553040987378
2017-12-01,MSFT,78.17732238769531,0.016276619115131785
2017-12-01,NVDA,4.772735118865967,-0.03592268002709276
2017-12-01,PEP,91.1039810180664,0.029179613813120397
2017-12-01,PG,72.71861267089844,0.021002190392779507
2017-12-01,TSLA,20.75666618347168,0.008094513338934739
2017-12-01,UNH,190.21493530273438,-0.03379070818306462
2017-12-01,V,107.22737884521484,0.012700889111235458
2017-12-01,WMT,28.778085708618164,0.020986033446213748
2018-01-01,AAPL,39.10429382324219,-0.010636738243238075
2018-01-01,ACN,139.9206085205078,0.049709132677579815
2018-01-01,AMZN,72.54450225830078,0.24063897541810575
2018-01-01,AVGO,19.52124786376953,-0.03452720561551603
2018-01-01,BRK-B,214.3800048828125,0.08152559561391803
2018-01-01,COST,173.8297119140625,0.047012952255468754
2018-01-01,GOOGL,58.55381774902344,0.12228965183027629
2018-01-01,JNJ,108.77173614501953,-0.010950360935195969
2018-01-01,JPM,92.1090087890625,0.08726879384331032
2018-01-01,KO,36.38374328613281,0.037271284997566045
2018-01-01,MA,161.08409118652344,0.11830132463449838
2018-01-01,META,185.1169891357422,0.059106622269457176
2018-01-01,MSFT,86.83220672607422,0.11070837519169285
2018-01-01,NVDA,6.0627312660217285,0.27028446268819395
2018-01-01,PEP,91.39266204833984,0.0031686983054690643
2018-01-01,PG,68.85491180419922,-0.053132213676643
2018-01-01,TSLA,23.62066650390625,0.13797978418688173
2018-01-01,UNH,204.29603576660156,0.07402731253177652
2018-01-01,V,116.8291244506836,0.08954565250848012
2018-01-01,WMT,31.065759658813477,0.0794936109843547
2018-02-01,AAPL,41.7706184387207,0.06818495757859067
2018-02-01,ACN,140.1904754638672,0.0019287147634139412
2018-02-01,AMZN,75.62249755859375,0.04242906360200127
2018-02-01,AVGO,19.39768409729004,-0.006329706345710617
2018-02-01,BRK-B,207.1999969482422,-0.033491966466252965
2018-02-01,COST,170.74404907226562,-0.017751066879305166
2018-02-01,GOOGL,54.67572784423828,-0.06623120496442503
2018-02-01,JNJ,102.88542938232422,-0.054116142403458745
2018-02-01,JPM,91.9736328125,-0.0014697365474046764
2018-02-01,KO,33.04277038574219,-0.09182598046924961
2018-02-01,MA,167.5274200439453,0.039999784025605445
2018-02-01,META,176.62831115722656,-0.045855747860565454
2018-02-01,MSFT,86.10151672363281,-0.008414965253002005
2018-02-01,NVDA,5.97271203994751,-0.014847965731010881
2018-02-01,PEP,83.36258697509766,-0.08786345526290595
2018-02-01,PG,62.61857223510742,-0.09057218149993285
2018-02-01,TSLA,22.87066650390625,-0.03175185593835672
2018-02-01,UNH,195.13296508789062,-0.044851926002026365
2018-02-01,V,115.81726837158203,-0.008660991716399336
2018-02-01,WMT,26.23103904724121,-0.15562859768023207
2018-03-01,AAPL,39.34580612182617,-0.05805066832926675
2018-03-01,ACN,133.65158081054688,-0.04664293085307103
2018-03-01,AMZN,72.36699676513672,-0.04304936888568922
2018-03-01,AVGO,18.818649291992188,-0.029850718384404784
2018-03-01,BRK-B,199.47999572753906,-0.037258693698878576
2018-03-01,COST,168.53482055664062,-0.012938831705285203
2018-03-01,GOOGL,51.368194580078125,-0.06049363025550836
2018-03-01,JNJ,101.51496124267578,-0.013320332605657459
2018-03-01,JPM,87.57008361816406,-0.04787838709506165
2018-03-01,KO,33.49642562866211,0.013729334363430823
2018-03-01,MA,166.95555114746094,-0.003413583855910618
2018-03-01,META,158.27410888671875,-0.10391427144524823
2018-03-01,MSFT,83.80596160888672,-0.026661029934168634
2018-03-01,NVDA,5.715785980224609,-0.04301664938883587
2018-03-01,PEP,83.53475952148438,0.0020653455301016255
2018-03-01,PG,63.22466278076172,0.009679085996701975
2018-03-01,TSLA,17.742000579833984,-0.22424645662146758
2018-03-01,UNH,185.25250244140625,-0.05063451294369492
2018-03-01,V,112.68962097167969,-0.027005017851636448
2018-03-01,WMT,26.082538604736328,-0.005661248959198284
2018-04-01,AAPL,38.75484848022461,-0.015019584038303502
2018-04-01,ACN,132.8107147216797,-0.006291478812054829
2018-04-01,AMZN,78.30650329589844,0.08207479647163018
2018-04-01,AVGO,18.321128845214844,-0.02643762785828907
2018-04-01,BRK-B,193.72999572753906,-0.02882494547399972
2018-04-01,COST,176.34310913085938,0.04633041734894516
2018-04-01,GOOGL,50.44894790649414,-0.01789524979607693
2018-04-01,JNJ,100.1999740600586,-0.012953629361820429
2018-04-01,JPM,87.06170654296875,-0.005805373869597008
2018-04-01,KO,33.32674789428711,-0.005065547478290022
2018-04-01,MA,170.16184997558594,0.01920450566685905
2018-04-01,META,170.36825561523438,0.07641266669314661
2018-04-01,MSFT,85.87196350097656,0.024652206745525485
2018-04-01,NVDA,5.550673961639404,-0.028887019065524377
2018-04-01,PEP,77.2514877319336,-0.07521745229822296
2018-04-01,PG,58.22396469116211,-0.07909410457340149
2018-04-01,TSLA,19.593332290649414,0.10434740448152735
2018-04-01,UNH,204.64346313476562,0.1046731376786263
2018-04-01,V,119.52899932861328,0.06069217642192992
2018-04-01,WMT,25.933027267456055,-0.005732238703679116
2018-05-01,AAPL,43.9915657043457,0.13512418263725712
2018-05-01,ACN,136.79855346679688,0.030026483582097807
2018-05-01,AMZN,81.48100280761719,0.04053941088038626
2018-05-01,AVGO,20.129919052124023,0.09872700651748345
2018-05-01,BRK-B,191.52999877929688,-0.011355995440872513
2018-05-01,COST,177.82611083984375,0.008409751400514809
2018-05-01,GOOGL,54.4815673828125,0.07993465956500656
2018-05-01,JNJ,95.46064758300781,-0.047298679680396805
2018-05-01,JPM,85.64512634277344,-0.01627099050138847
2018-05-01,KO,33.16478729248047,-0.004859778167386253
2018-05-01,MA,181.4728546142578,0.06647203612498753
2018-05-01,META,189.9606170654297,0.11500007075521967
2018-05-01,MSFT,91.1502685546875,0.06146715224056698
2018-05-01,NVDA,6.22805643081665,0.12203607595377108
2018-05-01,PEP,77.42903137207031,0.0022982552873649364
2018-05-01,PG,58.8919792175293,0.011473188572961979
2018-05-01,TSLA,18.98200035095215,-0.031201019338043534
2018-05-01,UNH,209.06700134277344,0.02161582950291807
2018-05-01,V,123.34442138671875,0.03192047184814095
2018-05-01,WMT,24.34995460510254,-0.06104465344623111
2018-06-01,AAPL,43.57722854614258,-0.009418559025331397
2018-06-01,ACN,143.6937713623047,0.05040417256445173
2018-06-01,AMZN,84.98999786376953,0.043065192317739864
2018-06-01,AVGO,19.63669776916504,-0.024501900960547718
2018-06-01,BRK-B,186.64999389648438,-0.02547906288265478
2018-06-01,COST,187.46018981933594,0.054176964979957054
2018-06-01,GOOGL,55.927310943603516,0.026536379737986504
2018-06-01,JNJ,96.83325958251953,0.01437882556074399
2018-06-01,JPM,83.3961181640625,-0.02625961656837117
2018-06-01,KO,34.12934494018555,0.029083788151530676
2018-06-01,MA,187.581787109375,0.03366306496970273
2018-06-01,META,192.4765167236328,0.01324432241308493
2018-06-01,MSFT,90.93816375732422,-0.00232697940144877
2018-06-01,NVDA,5.8504557609558105,-0.060628973750536
2018-06-01,PEP,84.08676147460938,0.08598493335847923
2018-06-01,PG,62.827781677246094,0.06683087428899492
2018-06-01,TSLA,22.863332748413086,0.20447436127385
2018-06-01,UNH,213.13380432128906,0.01945215147486601
2018-06-01,V,124.97681427001953,0.013234428156120526
2018-06-01,WMT,25.267431259155273,0.037678782935409494
2018-07-01,AAPL,44.79667282104492,0.027983520650266103
2018-07-01,ACN,139.95187377929688,-0.026040777881548682
2018-07-01,AMZN,88.87200164794922,0.04567600755093726
2018-07-01,AVGO,17.947702407836914,-0.08601218907490171
2018-07-01,BRK-B,197.8699951171875,0.06011251855130362
2018-07-01,COST,196.188232421875,0.0465594460933314
2018-07-01,GOOGL,60.782615661621094,0.08681455689714124
2018-07-01,JNJ,105.7552719116211,0.09213789112921877
2018-07-01,JPM,92.49981689453125,0.10916214004780578
2018-07-01,KO,36.28481674194336,0.0631559675562321
2018-07-01,MA,189.23236083984375,0.008799221693662318
2018-07-01,META,170.94276428222656,-0.11187729707476712
2018-07-01,MSFT,97.82698822021484,0.07575284323173714
2018-07-01,NVDA,6.0470356941223145,0.03360078961342117
2018-07-01,PEP,88.82134246826172,0.0563059025062107
2018-07-01,PG,65.68830871582031,0.04552965204579551
2018-07-01,TSLA,19.875999450683594,-0.1306604479146567
2018-07-01,UNH,219.97935485839844,0.032118558381241336
2018-07-01,V,129.0247344970703,0.032389369585825944
2018-07-01,WMT,26.32355308532715,0.041797752028679414
2018-08-01,AAPL,53.7749137878418,0.2004220492594042
2018-08-01,ACN,148.50732421875,0.06113137472489294
2018-08-01,AMZN,100.635498046875,0.13236448128539746
2018-08-01,AVGO,17.725954055786133,-0.012355250104545634
2018-08-01,BRK-B,208.72000122070312,0.05483401410653377
2018-08-01,COST,209.6424102783203,0.06857790444594047
2018-08-01,GOOGL,61.00944900512695,0.0037318786142512828
2018-08-01,JNJ,108.20330047607422,0.023148052292834453
2018-08-01,JPM,92.20205688476562,-0.003219033504737956
2018-08-01,KO,34.681827545166016,-0.04417796038981703
2018-08-01,MA,206.01475524902344,0.08868670419106284
2018-08-01,META,174.0628662109375,0.018252319376090398
2018-08-01,MSFT,103.98939514160156,0.06299291262565232
2018-08-01,NVDA,6.935433864593506,0.14691465627277678
2018-08-01,PEP,86.511962890625,-0.026000277787536552
2018-08-01,PG,67.3694839477539,0.025593218409788454
2018-08-01,TSLA,20.110666275024414,0.01180654210235188
2018-08-01,UNH,233.21876525878906,0.060184786017364544
2018-08-01,V,138.81040954589844,0.07584340387889199
2018-08-01,WMT,28.443708419799805,0.08054214138950866
2018-09-01,AAPL,53.328426361083984,-0.008302894329488608
2018-09-01,ACN,149.49986267089844,0.00668343098476698
2018-09-01,AMZN,100.1500015258789,-0.004824306834253944
2018-09-01,AVGO,20.11762046813965,0.1349245521469027
2018-09-01,BRK-B,214.11000061035156,0.025824067449812693
2018-09-01,COST,211.2161102294922,0.007506591576974531
2018-09-01,GOOGL,59.78510665893555,-0.020068077423359698
2018-09-01,JNJ,110.99897003173828,0.025837192981763346
2018-09-01,JPM,90.8018798828125,-0.015185962756807836
2018-09-01,KO,36.248146057128906,0.04516251370903346
2018-09-01,MA,212.7526092529297,0.032705686521151245
2018-09-01,META,162.8998260498047,-0.06413223224535969
2018-09-01,MSFT,105.87791442871094,0.018160691141032137
2018-09-01,NVDA,6.9438347816467285,0.001211303750744408
2018-09-01,PEP,87.06404113769531,0.0063815249200656066
2018-09-01,PG,67.59690856933594,0.0033757809657322113
2018-09-01,TSLA,17.65133285522461,-0.12229000204006513
2018-09-01,UNH,231.8963165283203,-0.005670421627527733
2018-09-01,V,141.8343505859375,0.021784684952169897
2018-09-01,WMT,27.86510467529297,-0.020342064261355874
2018-10-01,AAPL,51.70310974121094,-0.03047749072639261
2018-10-01,ACN,139.7152557373047,-0.06544893593068446
2018-10-01,AMZN,79.90049743652344,-0.20219175018307878
2018-10-01,AVGO,18.22270393371582,-0.09419188205806017
2018-10-01,BRK-B,205.27999877929688,-0.04124049229780713
2018-10-01,COST,205.59576416015625,-0.02660945731473452
2018-10-01,GOOGL,54.0150032043457,-0.09651406139504537
2018-10-01,JNJ,112.46109771728516,0.013172443718430848
2018-10-01,JPM,88.34229278564453,-0.02708740281965827
2018-10-01,KO,37.57439422607422,0.0365880276154007
2018-10-01,MA,189.13571166992188,-0.11100638279331754
2018-10-01,META,150.3499755859375,-0.07704029383082467
2018-10-01,MSFT,98.87926483154297,-0.06610112821857916
2018-10-01,NVDA,5.209482192993164,-0.24976870032069842
2018-10-01,PEP,87.51569366455078,0.005187589743751442
2018-10-01,PG,72.65965270996094,0.07489608989192176
2018-10-01,TSLA,22.488000869750977,0.2740114899082402
2018-10-01,UNH,227.8081817626953,-0.017629149211284445
2018-10-01,V,130.2676544189453,-0.0815507394309527
2018-10-01,WMT,29.755216598510742,0.06783078496359174
2018-11-01,AAPL,42.334632873535156,-0.181197551067387
2018-11-01,ACN,145.83152770996094,0.043776693821869994
2018-11-01,AMZN,84.50849914550781,0.05767175245241973
2018-11-01,AVGO,19.357694625854492,0.06228442805563561
2018-11-01,BRK-B,218.24000549316406,0.06313331445310899
2018-11-01,COST,208.47317504882812,0.013995477486736574
2018-11-01,GOOGL,54.95952606201172,0.017486305686084336
2018-11-01,JNJ,118.76374816894531,0.05604293911041425
2018-11-01,JPM,90.1007308959961,0.019904827630162103
2018-11-01,KO,39.86476135253906,0.06095553031898193
2018-11-01,MA,192.38894653320312,0.01720053201247773
2018-11-01,META,139.27606201171875,-0.07365424258342557
2018-11-01,MSFT,103.09978485107422,0.042683569975177305
2018-11-01,NVDA,4.042299270629883,-0.2240496999746272
2018-11-01,PEP,94.96055603027344,0.08506888369369436
2018-11-01,PG,77.43644714355469,0.06574204879097767
2018-11-01,TSLA,23.365333557128906,0.03901336950578149
2018-11-01,UNH,246.0337371826172,0.08000395455026799
2018-11-01,V,134.1557159423828,0.029846714756476267
2018-11-01,WMT,28.97483253479004,-0.026226798287187103
2018-12-01,AAPL,37.394248962402344,-0.11669839976860219
2018-12-01,ACN,124.99207305908203,-0.14290088692155611
2018-12-01,AMZN,75.09850311279297,-0.11134970006404432
2018-12-01,AVGO,20.951698303222656,0.08234470623579226
2018-12-01,BRK-B,204.17999267578125,-0.06442454391261099
2018-12-01,COST,183.62188720703125,-0.11920616566604436
2018-12-01,GOOGL,51.75551223754883,-0.058297697488288946
2018-12-01,JNJ,104.33261108398438,-0.12151129707048458
2018-12-01,JPM,79.10453796386719,-0.12204332664983475
2018-12-01,KO,37.45230484008789,-0.06051601541313423
2018-12-01,MA,180.50515747070312,-0.06176960411002119
2018-12-01,META,129.84634399414062,-0.06770523147606444
2018-12-01,MSFT,94.43453979492188,-0.08404716914462174
2018-12-01,NVDA,3.3020050525665283,-0.18313691503301277
2018-12-01,PEP,86.71925354003906,-0.08678658629175517
2018-12-01,PG,75.3143539428711,-0.027404320303455743
2018-12-01,TSLA,22.18666648864746,-0.05044512057144701
2018-12-01,UNH,217.84161376953125,-0.11458641296888683
2018-12-01,V,124.90654754638672,-0.06894352827999084
2018-12-01,WMT,27.790430068969727,-0.04087693912978452
2019-01-01,AAPL,39.456687927246094,0.05515390794229913
2019-01-01,ACN,136.1076202392578,0.08893001698532998
2019-01-01,AMZN,85.9365005493164,0.14431709005232074
2019-01-01,AVGO,22.102779388427734,0.05493975087585268
2019-01-01,BRK-B,205.5399932861328,0.006660792727674947
2019-01-01,COST,193.46505737304688,0.05360564753872499
2019-01-01,GOOGL,55.76386642456055,0.07744787006674891
2019-01-01,JNJ,107.59070587158203,0.031227961744147326
2019-01-01,JPM,84.55037689208984,0.06884357166348876
2019-01-01,KO,38.06927490234375,0.01647348714291863
2019-01-01,MA,202.3638458251953,0.12109730636389138
2019-01-01,META,165.10865783691406,0.27156955489146983
2019-01-01,MSFT,97.09362030029297,0.028157923055967427
2019-01-01,NVDA,3.5555295944213867,0.07677896848092436
2019-01-01,PEP,88.438232421875,0.019822344077745857
2019-01-01,PG,79.66754150390625,0.0578002377121527
2019-01-01,TSLA,20.468000411987305,-0.07746391633639815
2019-01-01,UNH,236.27491760253906,0.0846179181013118
2019-01-01,V,127.81291198730469,0.023268311373658257
2019-01-01,WMT,28.58997917175293,0.028770663167100974
2019-02-01,AAPL,41.22341537475586,0.044776374812995456
2019-02-01,ACN,143.04820251464844,0.050993340881209104
2019-02-01,AMZN,81.99150085449219,-0.04590598487961817
2019-02-01,AVGO,22.68861961364746,0.026505274061888073
2019-02-01,BRK-B,201.3000030517578,-0.020628541271150547
2019-02-01,COST,197.7023468017578,0.02190209170713664
2019-02-01,GOOGL,55.79655075073242,0.0005861201575054764
2019-02-01,JNJ,111.20152282714844,0.03356067725660439
2019-02-01,JPM,85.2529067993164,0.00830900976494986
2019-02-01,KO,35.862464904785156,-0.057968269771871306
2019-02-01,MA,215.43751525878906,0.06460476860519337
2019-02-01,META,159.91836547851562,-0.03143561595373845
2019-02-01,MSFT,104.60455322265625,0.07735763584809519
2019-02-01,NVDA,3.8194174766540527,0.07421900879315002
2019-02-01,PEP,91.5055160522461,0.03468277854920587
2019-02-01,PG,81.38524627685547,0.021560911012485473
2019-02-01,TSLA,21.325332641601562,0.04188646728344558
2019-02-01,UNH,211.8079833984375,-0.10355282080876549
2019-02-01,V,140.4687957763672,0.09901882049537813
2019-02-01,WMT,29.532737731933594,0.03297513980395328
2019-03-01,AAPL,45.22315216064453,0.09702584682825699
2019-03-01,ACN,156.02517700195312,0.09071749423748132
2019-03-01,AMZN,89.0374984741211,0.08593570731353273
2019-03-01,AVGO,24.998689651489258,0.10181624431890346
2019-03-01,BRK-B,200.88999938964844,-0.0020367792145733477
2019-03-01,COST,218.85179138183594,0.1069761938703
2019-03-01,GOOGL,58.28983688354492,0.04468530938321069
2019-03-01,JNJ,113.76508331298828,0.02305328578840271
2019-03-01,JPM,82.69599914550781,-0.029992029008787946
2019-03-01,KO,37.388301849365234,0.04254690659527105
2019-03-01,MA,225.67408752441406,0.047515272599243374
2019-03-01,META,165.10865783691406,0.03245588674488875
2019-03-01,MSFT,110.12283325195312,0.05275372686264368
2019-03-01,NVDA,4.445836544036865,0.16400905929026077
2019-03-01,PEP,96.97339630126953,0.059754651794996505
2019-03-01,PG,85.92728424072266,0.055809107567434735
2019-03-01,TSLA,18.657333374023438,-0.1251093857440413
2019-03-01,UNH,217.04046630859375,0.024703898437639538
2019-03-01,V,148.1219024658203,0.054482610512566865
2019-03-01,WMT,29.25372314453125,-0.00944763705738827
2019-04-01,AAPL,47.775367736816406,0.0564360389365548
2019-04-01,ACN,163.26089477539062,0.04637532167867331
2019-04-01,AMZN,96.32599639892578,0.08185874546916994
2019-04-01,AVGO,26.469295501708984,0.05882731738029778
2019-04-01,BRK-B,216.7100067138672,0.07874960113636176
2019-04-01,COST,221.91575622558594,0.014000181695585256
2019-04-01,GOOGL,59.38292694091797,0.01875266969020495
2019-04-01,JNJ,114.91260528564453,0.010086767743132663
2019-04-01,JPM,95.52804565429688,0.1551713098745009
2019-04-01,KO,39.14361572265625,0.04694821070940991
2019-04-01,MA,244.02418518066406,0.08131238219480919
2019-04-01,META,191.56524658203125,0.16023744055414513
2019-04-01,MSFT,121.94371032714844,0.10734265298232915
2019-04-01,NVDA,4.481490135192871,0.008019546108555708
2019-04-01,PEP,101.32553100585938,0.044879677010269514
2019-04-01,PG,88.55480194091797,0.030578386404420677
2019-04-01,TSLA,15.912667274475098,-0.14710923820280408
2019-04-01,UNH,204.584716796875,-0.057389065382898896
2019-04-01,V,155.93629455566406,0.052756492859973525
2019-04-01,WMT,30.846439361572266,0.054444906351647004
2019-05-01,AAPL,41.8410530090332,-0.1242128529595834
2019-05-01,ACN,159.14967346191406,-0.025181910947705277
2019-05-01,AMZN,88.75350189208984,-0.07861319674779288
2019-05-01,AVGO,20.919389724731445,-0.20967334686407546
2019-05-01,BRK-B,197.4199981689453,-0.08901300330995521
2019-05-01,COST,217.12278747558594,-0.021598145312078487
2019-05-01,GOOGL,54.80350875854492,-0.07711674749426312
2019-05-01,JNJ,107.46391296386719,-0.06482049818000146
2019-05-01,JPM,87.22232055664062,-0.08694541001826361
2019-05-01,KO,39.19948196411133,0.001427212086152263
2019-05-01,MA,241.38473510742188,-0.010816346221125817
2019-05-01,META,175.78640747070312,-0.08236796283699288
2019-05-01,MSFT,115.90982818603516,-0.049480880358041324
2019-05-01,NVDA,3.3577659130096436,-0.2507478959640431
2019-05-01,PEP,101.28594207763672,-0.0003907102961085984
2019-05-01,PG,85.5858154296875,-0.03352710915904167
2019-05-01,TSLA,12.343999862670898,-0.22426582233190806
2019-05-01,UNH,212.2477264404297,0.0374564129888697
2019-05-01,V,153.23170471191406,-0.017344197202175726
2019-05-01,WMT,30.58814239501953,-0.008373639612827222
2019-06-01,AAPL,47.302101135253906,0.13051889791209836
2019-06-01,ACN,165.13775634765625,0.0376254801878384
2019-06-01,AMZN,94.68150329589844,0.06679174655008091
2019-06-01,AVGO,24.159875869750977,0.15490347412900607
2019-06-01,BRK-B,213.1699981689453,0.07977915178847117
2019-06-01,COST,239.48939514160156,0.10301363539987984
2019-06-01,GOOGL,53.62967300415039,-0.021418989057183424
2019-06-01,JNJ,114.12559509277344,0.06198994569596694
2019-06-01,JPM,92.02960205078125,0.055115267095179554
2019-06-01,KO,40.94481658935547,0.044524430880032106
2019-06-01,MA,253.90074157714844,0.05185086150603779
2019-06-01,META,191.16903686523438,0.08750750195002954
2019-06-01,MSFT,125.54402160644531,0.08311800277149306
2019-06-01,NVDA,4.0709123611450195,0.21238718439909543
2019-06-01,PEP,104.52240753173828,0.031953747852004666
2019-06-01,PG,91.19115447998047,0.0654937856483706
2019-06-01,TSLA,14.897333145141602,0.20684812952665022
2019-06-01,UNH,215.1361846923828,0.013608900789633616
2019-06-01,V,164.8383331298828,0.07574560656223195
2019-06-01,WMT,33.31707763671875,0.08921546154903326
2019-07-01,AAPL,50.91573715209961,0.07639483088738497
2019-07-01,ACN,172.117919921875,0.04226873204891901
2019-07-01,AMZN,93.33899688720703,-0.014179183493694736
2019-07-01,AVGO,24.338645935058594,0.007399461250189754
2019-07-01,BRK-B,205.42999267578125,-0.03630907519654725
2019-07-01,COST,249.79364013671875,0.04302589260382339
2019-07-01,GOOGL,60.33586883544922,0.12504636809513703
2019-07-01,JNJ,106.70189666748047,-0.06504849695862003
2019-07-01,JPM,96.16287231445312,0.044912399614541076
2019-07-01,KO,42.3198356628418,0.03358225016066618
2019-07-01,MA,261.64691162109375,0.03050865466492403
2019-07-01,META,192.3873748779297,0.006373092801394309
2019-07-01,MSFT,127.70889282226562,0.017243921200857715
2019-07-01,NVDA,4.182210445404053,0.0273398379491836
2019-07-01,PEP,101.8760986328125,-0.025318101270507265
2019-07-01,PG,98.80451965332031,0.08348797881499825
2019-07-01,TSLA,16.107332229614258,0.08122252974300093
2019-07-01,UNH,219.54449462890625,0.020490787929639875
2019-07-01,V,169.06494140625,0.0256409306992742
2019-07-01,WMT,33.28388595581055,-0.0009962362626794175
2019-08-01,AAPL,50.077598571777344,-0.016461287358336962
2019-08-01,ACN,177.11392211914062,0.029026624302300075
2019-08-01,AMZN,88.81449890136719,-0.048473822697145064
2019-08-01,AVGO,23.721763610839844,-0.02534579474407661
2019-08-01,BRK-B,203.41000366210938,-0.009832980020886728
2019-08-01,COST,267.7213134765625,0.0717699350953509
2019-08-01,GOOGL,58.96540451049805,-0.022713923763802324
2019-08-01,JNJ,105.9659652709961,-0.00689707886615909
2019-08-01,JPM,91.07289123535156,-0.052930834495638734
2019-08-01,KO,44.2577018737793,0.04579096729902976
2019-08-01,MA,270.3919372558594,0.03342300346900262
2019-08-01,META,183.90858459472656,-0.04407144849594702
2019-08-01,MSFT,129.62921142578125,0.015036686647876385
2019-08-01,NVDA,4.156326770782471,-0.006188993825030131
2019-08-01,PEP,108.98613739013672,0.06979103884759685
2019-08-01,PG,100.63764190673828,0.018553020244923335
2019-08-01,TSLA,15.040666580200195,-0.06622236595163389
2019-08-01,UNH,206.31068420410156,-0.06027848909248967
2019-08-01,V,171.9912109375,0.01730855319210378
2019-08-01,WMT,34.623470306396484,0.04024723412297604
2019-09-01,AAPL,53.7313346862793,0.07296148814454373
2019-09-01,ACN,171.9124298095703,-0.029368060101291116
2019-09-01,AMZN,86.79550170898438,-0.022732743159706414
2019-09-01,AVGO,23.383556365966797,-0.014257255506858746
2019-09-01,BRK-B,208.02000427246094,0.022663588453640582
2019-09-01,COST,261.6814270019531,-0.022560349776328592
2019-09-01,GOOGL,60.48147964477539,0.025711264882570584
2019-09-01,JNJ,106.8079833984375,0.007946118598439078
2019-09-01,JPM,97.56388092041016,0.07127246754782934
2019-09-01,KO,44.09530258178711,-0.0036694018242371396
2019-09-01,MA,260.9742736816406,-0.03482967602435294
2019-09-01,META,176.3905792236328,-0.0408790344815112
2019-09-01,MSFT,130.72935485839844,0.008486848145698112
2019-09-01,NVDA,4.31909704208374,0.03916204867372031
2019-09-01,PEP,110.0362548828125,0.009635330857874935
2019-09-01,PG,104.11138153076172,0.03451729947371551
2019-09-01,TSLA,16.058000564575195,0.0676388894701141
2019-09-01,UNH,192.5079345703125,-0.06690273791217771
2019-09-01,V,163.6113739013672,-0.04872247244760641
2019-09-01,WMT,35.96284103393555,0.03868389608801359
2019-10-01,AAPL,59.67856216430664,0.11068452910673776
2019-10-01,ACN,166.4307098388672,-0.0318866993897724
2019-10-01,AMZN,88.83300018310547,0.023474701269111886
2019-10-01,AVGO,24.80484390258789,0.06078149595284321
2019-10-01,BRK-B,212.5800018310547,0.021920956950953308
2019-10-01,COST,270.4419860839844,0.03347795517014607
2019-10-01,GOOGL,62.34672546386719,0.030839950180566067
2019-10-01,JNJ,109.00389862060547,0.020559467113767216
2019-10-01,JPM,104.38703155517578,0.06993521137532199
2019-10-01,KO,44.08720016479492,-0.00018374784881358686
2019-10-01,MA,266.332763671875,0.020532636855888464
2019-10-01,META,189.8318634033203,0.07620182573722523
2019-10-01,MSFT,134.8102569580078,0.031216417338169045
2019-10-01,NVDA,4.987790107727051,0.1548224221701444
2019-10-01,PEP,110.09239959716797,0.0005102383247708175
2019-10-01,PG,104.88591766357422,0.007439495292679954
2019-10-01,TSLA,20.994667053222656,0.3074272210164204
2019-10-01,UNH,223.84854125976562,0.16280163599182007
2019-10-01,V,170.12689208984375,0.03982313718852115
2019-10-01,WMT,35.53254318237305,-0.011965068364772957
2019-11-01,AAPL,64.30685424804688,0.07755367951053604
2019-11-01,ACN,180.55877685546875,0.08488858234324592
2019-11-01,AMZN,90.04000091552734,0.013587301227403925
2019-11-01,AVGO,26.783477783203125,0.07976804403146454
2019-11-01,BRK-B,220.3000030517578,0.036315745386240605
2019-11-01,COST,272.8996887207031,0.00908772588275375
2019-11-01,GOOGL,64.58988189697266,0.035978736917073206
2019-11-01,JNJ,114.28948974609375,0.04848992735466373
2019-11-01,JPM,110.10277557373047,0.054755307564556155
2019-11-01,KO,43.57600784301758,-0.011595028032321042
2019-11-01,MA,281.16912841796875,0.05570611944827153
2019-11-01,META,199.72706604003906,0.0521261418358161
2019-11-01,MSFT,142.82635498046875,0.05946207805951942
2019-11-01,NVDA,5.381809234619141,0.07899673370009652
2019-11-01,PEP,109.01695251464844,-0.009768586082732567
2019-11-01,PG,102.82205200195312,-0.01967724273759064
2019-11-01,TSLA,21.996000289916992,0.047694647129001844
2019-11-01,UNH,247.91644287109375,0.10751868864491931
2019-11-01,V,175.79498291015625,0.03331684221515774
2019-11-01,WMT,36.087074279785156,0.015606287863098922
2019-12-01,AAPL,70.65935516357422,0.09878419633192181
2019-12-01,ACN,189.0050506591797,0.04677852802731319
2019-12-01,AMZN,92.39199829101562,0.026121694264473083
2019-12-01,AVGO,27.038516998291016,0.009522259101386599
2019-12-01,BRK-B,226.5,0.028143426519996684
2019-12-01,COST,267.5384521484375,-0.01964544773721799
2019-12-01,GOOGL,66.3382339477539,0.027068512891385232
2019-12-01,JNJ,121.25536346435547,0.06094938155500684
2019-12-01,JPM,116.48700714111328,0.05798429271301697
2019-12-01,KO,45.16727066040039,0.03651694811317574
2019-12-01,MA,287.28839111328125,0.0217636364623075
2019-12-01,META,203.30284118652344,0.017903307835942295
2019-12-01,MSFT,148.78927612304688,0.04174944563553096
2019-12-01,NVDA,5.842668056488037,0.08563269372395554
2019-12-01,PEP,110.45944213867188,0.013231791852093888
2019-12-01,PG,105.21446228027344,0.023267482332242073
2019-12-01,TSLA,27.8886661529541,0.2678971533628465
2019-12-01,UNH,261.4166564941406,0.054454692341913136
2019-12-01,V,179.02487182617188,0.018373043772621944
2019-12-01,WMT,36.172847747802734,0.0023768473817680214
2020-01-01,AAPL,74.47565460205078,0.05400982544550459
2020-01-01,ACN,184.90609741210938,-0.02168700377463295
2020-01-01,AMZN,100.43599700927734,0.0870638027865227
2020-01-01,AVGO,26.10934066772461,-0.03436491471130365
2020-01-01,BRK-B,224.42999267578125,-0.0091391051841887
2020-01-01,COST,278.0971374511719,0.03946604765761341
2020-01-01,GOOGL,70.96373748779297,0.06972605788212527
2020-01-01,JNJ,123.74916076660156,0.020566490677166538
2020-01-01,JPM,111.31419372558594,-0.044406784434430135
2020-01-01,KO,47.65615463256836,0.05510370531089137
2020-01-01,MA,304.3872985839844,0.0595182680526789
2020-01-01,META,199.9945068359375,-0.016272937118230746
2020-01-01,MSFT,160.6112823486328,0.07945469279526085
2020-01-01,NVDA,5.870725631713867,0.0048021853979318685
2020-01-01,PEP,114.78339385986328,0.03914515262319607
2020-01-01,PG,105.60228729248047,0.003686042810102874
2020-01-01,TSLA,43.371334075927734,0.5551598573434691
2020-01-01,UNH,242.27142333984375,-0.07323647012800805
2020-01-01,V,189.57200622558594,0.05891435246860577
2020-01-01,WMT,34.84878158569336,-0.036603868496635106
2020-02-01,AAPL,65.93317413330078,-0.11470165001429566
2020-02-01,ACN,162.72203063964844,-0.11997477142691626
2020-02-01,AMZN,94.1875,-0.06221372013363058
2020-02-01,AVGO,23.325231552124023,-0.1066326856366081
2020-02-01,BRK-B,206.33999633789062,-0.08060418361294519
2020-02-01,COST,256.44500732421875,-0.07785815533881502
2020-02-01,GOOGL,66.3313217163086,-0.06527863293955216
2020-02-01,JNJ,112.50021362304688,-0.09090119944143205
2020-02-01,JPM,97.64802551269531,-0.12277111979610389
2020-02-01,KO,43.64945983886719,-0.0840750753935775
2020-02-01,MA,279.6366882324219,-0.08131288810900728
2020-02-01,META,190.64407348632812,-0.04675345086992744
2020-02-01,MSFT,153.2732391357422,-0.04568821757466712
2020-02-01,NVDA,6.7100443840026855,0.14296678212226244
2020-02-01,PEP,106.70931243896484,-0.07034189484548536
2020-02-01,PG,95.95047760009766,-0.09139773332419177
2020-02-01,TSLA,44.53266525268555,0.02677646887053875
2020-02-01,UNH,226.7187957763672,-0.06419505589670915
2020-02-01,V,173.4257049560547,-0.08517239222713902
2020-02-01,WMT,32.77592086791992,-0.05948158367248113
2020-03-01,AAPL,61.33361053466797,-0.06976099147499892
2020-03-01,ACN,147.10665893554688,-0.09596347613607492
2020-03-01,AMZN,97.48600006103516,0.035020571318223226
2020-03-01,AVGO,20.630979537963867,-0.11550805007613374
2020-03-01,BRK-B,182.8300018310547,-0.1139381357181829
2020-03-01,COST,260.0845947265625,0.014192467384410046
2020-03-01,GOOGL,57.549869537353516,-0.13238771596490018
2020-03-01,JNJ,109.6977310180664,-0.02491090918609906
2020-03-01,JPM,75.71484375,-0.22461469801909884
2020-03-01,KO,36.4260139465332,-0.16548763533385002
2020-03-01,MA,232.72705078125,-0.16775208484868986
2020-03-01,META,165.21759033203125,-0.13337148482677752
2020-03-01,MSFT,149.20518493652344,-0.02654119024401902
2020-03-01,NVDA,6.54929256439209,-0.023956893637520738
2020-03-01,PEP,97.7226333618164,-0.08421644626647373
2020-03-01,PG,93.21338653564453,-0.02852608067112261
2020-03-01,TSLA,34.93333435058594,-0.2155570713684315
2020-03-01,UNH,222.71742248535156,-0.017649058505773474
2020-03-01,V,153.7321014404297,-0.1135564276392319
2020-03-01,WMT,34.73699188232422,0.05983267479522558
2020-04-01,AAPL,70.86322784423828,0.15537349304071757
2020-04-01,ACN,167.6197967529297,0.1394439787145898
2020-04-01,AMZN,123.69999694824219,0.2689001176660717
2020-04-01,AVGO,23.63469696044922,0.14559257435925876
2020-04-01,BRK-B,187.36000061035156,0.024777108428204464
2020-04-01,COST,277.016357421875,0.06510098267493913
2020-04-01,GOOGL,66.70030212402344,0.15900005786686822
2020-04-01,JNJ,125.51701354980469,0.14420792832199014
2020-04-01,JPM,81.37060546875,0.07469818913480886
2020-04-01,KO,37.77604675292969,0.03706232607218807
2020-04-01,MA,265.3249816894531,0.14006936795174396
2020-04-01,META,202.76795959472656,0.2272782770117383
2020-04-01,MSFT,169.545654296875,0.13632548606809491
2020-04-01,NVDA,7.26186466217041,0.10880138438959208
2020-04-01,PEP,107.64136505126953,0.10149881709316189
2020-04-01,PG,100.54850006103516,0.07869163215720842
2020-04-01,TSLA,52.12533187866211,0.492137319488021
2020-04-01,UNH,261.20050048828125,0.17278880822833154
2020-04-01,V,170.52511596679688,0.10923557519230553
2020-04-01,WMT,37.16142654418945,0.06979403023952968
2020-05-01,AAPL,76.89327239990234,0.08509412764711288
2020-05-01,ACN,182.4910125732422,0.08871992514244931
2020-05-01,AMZN,122.11849975585938,-0.012784941240091774
2020-05-01,AVGO,25.344526290893555,0.07234403442132553
2020-05-01,BRK-B,185.5800018310547,-0.009500420439252144
2020-05-01,COST,282.0171813964844,0.018052450119375063
2020-05-01,GOOGL,71.0003662109375,0.06446843492430454
2020-05-01,JNJ,125.30052947998047,-0.0017247388517439566
2020-05-01,JPM,82.68769836425781,0.016186347489003605
2020-05-01,KO,38.426353454589844,0.017214789729412816
2020-05-01,MA,290.3358459472656,0.09426501831284861
2020-05-01,META,222.95460510253906,0.09955540090337567
2020-05-01,MSFT,173.85064697265625,0.025391347797350194
2020-05-01,NVDA,8.820673942565918,0.21465688950606454
2020-05-01,PEP,107.03926086425781,-0.005593613447069656
2020-05-01,PG,98.88504791259766,-0.016543778847300072
2020-05-01,TSLA,55.66666793823242,0.06793886833783369
2020-05-01,UNH,272.2568054199219,0.04232880454276411
2020-05-01,V,186.5995330810547,0.09426422039430071
2020-05-01,WMT,38.09565353393555,0.025139696632344943
2020-06-01,AAPL,88.22628021240234,0.1473862076458381
2020-06-01,ACN,194.34811401367188,0.06497361855379524
2020-06-01,AMZN,137.9409942626953,0.12956672853391127
2020-06-01,AVGO,27.74536895751953,0.0947282517364949
2020-06-01,BRK-B,178.50999450683594,-0.0380968167607576
2020-06-01,COST,277.208251953125,-0.017051902368312
2020-06-01,GOOGL,70.23416900634766,-0.010791454262553013
2020-06-01,JNJ,118.4605941772461,-0.05458823942022695
2020-06-01,JPM,79.9260482788086,-0.03339856036726929
2020-06-01,KO,37.11411666870117,-0.03414939664882333
2020-06-01,MA,285.3279113769531,-0.017248764285282547
2020-06-01,META,224.91583251953125,0.008796532442513216
2020-06-01,MSFT,193.0714874267578,0.11055949913792773
2020-06-01,NVDA,9.443387985229492,0.07059710479247427
2020-06-01,PEP,108.45227813720703,0.013200925170262057
2020-06-01,PG,101.99867248535156,0.03148731419441675
2020-06-01,TSLA,71.98733520507812,0.2931856328270819
2020-06-01,UNH,264.5498352050781,-0.02830772293444317
2020-06-01,V,184.6211395263672,-0.010602349973877656
2020-06-01,WMT,36.781375885009766,-0.034499412059043055
2020-07-01,AAPL,102.79524230957031,0.1651317732323474
2020-07-01,ACN,204.1990509033203,0.05068707221391122
2020-07-01,AMZN,158.23399353027344,0.1471136218500213
2020-07-01,AVGO,27.84558868408203,0.0036121244852049816
2020-07-01,BRK-B,195.77999877929688,0.09674530728754016
2020-07-01,COST,298.2543640136719,0.07592166507404596
2020-07-01,GOOGL,73.69622802734375,0.04929308725334525
2020-07-01,JNJ,122.78186798095703,0.03647857613515981
2020-07-01,JPM,82.91859436035156,0.0374414367529341
2020-07-01,KO,39.24062728881836,0.05729654403739315
2020-07-01,MA,298.10540771484375,0.04478179606133925
2020-07-01,META,251.26348876953125,0.11714451559434802
2020-07-01,MSFT,194.49453735351562,0.0073705856091135225
2020-07-01,NVDA,10.553994178771973,0.11760675250022468
2020-07-01,PEP,112.8802490234375,0.040828749402833875
2020-07-01,PG,112.55716705322266,0.10351599987134574
2020-07-01,TSLA,95.38400268554688,0.3250108843981532
2020-07-01,UNH,271.57281494140625,0.026546906486953237
2020-07-01,V,181.97369384765625,-0.01433988375059747
2020-07-01,WMT,39.735435485839844,0.08031400483944395
2020-08-01,AAPL,125.05756378173828,0.21656957045856706
2020-08-01,ACN,217.96192932128906,0.0673993260844532
2020-08-01,AMZN,172.54800415039062,0.09046103369298208
2020-08-01,AVGO,30.51805877685547,0.09597463077881208
2020-08-01,BRK-B,218.0399932861328,0.11369902260511133
2020-08-01,COST,318.5301208496094,0.06798142552914355
2020-08-01,GOOGL,80.70849609375,0.09515097657107319
2020-08-01,JNJ,130.08599853515625,0.05948867429946625
2020-08-01,JPM,85.96454620361328,0.036734243588651294
2020-08-01,KO,41.14285659790039,0.04847601683533931
2020-08-01,MA,346.08746337890625,0.16095667647183487
2020-08-01,META,290.41845703125,0.15583230358483657
2020-08-01,MSFT,214.47921752929688,0.1027518841799493
2020-08-01,NVDA,13.297947883605957,0.25999196686626
2020-08-01,PEP,114.84822845458984,0.017434222976808966
2020-08-01,PG,118.74644470214844,0.05498785915604265
2020-08-01,TSLA,166.10667419433594,0.7414521252787116
2020-08-01,UNH,280.33575439453125,0.03226736613904335
2020-08-01,V,202.91453552246094,0.1150762026754033
2020-08-01,WMT,42.812583923339844,0.07744091388142893
2020-09-01,AAPL,112.23585510253906,-0.10252645494979273
2020-09-01,ACN,205.2982635498047,-0.05810035638295974
2020-09-01,AMZN,157.43649291992188,-0.08757859185260553
2020-09-01,AVGO,32.31947326660156,0.05902782031183018
2020-09-01,BRK-B,212.94000244140625,-0.02339016236362601
2020-09-01,COST,325.2551574707031,0.021112718015979803
2020-09-01,GOOGL,72.5892562866211,-0.10059956758081201
2020-09-01,JNJ,126.24470520019531,-0.029528876114386815
2020-09-01,JPM,82.60110473632812,-0.03912591429632628
2020-09-01,KO,41.341915130615234,0.004838228289792745
2020-09-01,MA,326.7440185546875,-0.055891781329972634
2020-09-01,META,259.41534423828125,-0.10675324533396546
2020-09-01,MSFT,200.0240020751953,-0.06739681177793855
2020-09-01,NVDA,13.457082748413086,0.011966873851514626
2020-09-01,PEP,114.46826171875,-0.003308424874747473
2020-09-01,PG,119.31301879882812,0.004771293137245669
2020-09-01,TSLA,143.00332641601562,-0.13908741409927106
2020-09-01,UNH,280.7884521484375,0.0016148412994410055
2020-09-01,V,191.40911865234375,-0.05670080184494042
2020-09-01,WMT,43.13941192626953,0.007633923790138608
2020-10-01,AAPL,105.50033569335938,-0.06001218953627696
2020-10-01,ACN,197.82127380371094,-0.036420131455616844
2020-10-01,AMZN,151.8074951171875,-0.03575408533520552
2020-10-01,AVGO,31.016305923461914,-0.04032142889179824
2020-10-01,BRK-B,201.89999389648438,-0.051845629841014484
2020-10-01,COST,328.2852478027344,0.009316040844960849
2020-10-01,GOOGL,80.04381561279297,0.10269507786024556
2020-10-01,JNJ,116.26417541503906,-0.07905701684145416
2020-10-01,JPM,84.900390625,0.027836018610301272
2020-10-01,KO,40.244930267333984,-0.026534447178255927
2020-10-01,MA,279.2122802734375,-0.14547087500331568
2020-10-01,META,260.6138610839844,0.0046200692145730304
2020-10-01,MSFT,192.5491485595703,-0.03736978281643899
2020-10-01,NVDA,12.465991020202637,-0.07364833424445749
2020-10-01,PEP,110.08280944824219,-0.03831151276921563
2020-10-01,PG,118.34404754638672,-0.008121253340133583
2020-10-01,TSLA,129.34666442871094,-0.09549891131606025
2020-10-01,UNH,274.81732177734375,-0.021265583842234204
2020-10-01,V,173.93084716796875,-0.09131368247988625
2020-10-01,WMT,42.78174591064453,-0.008290933966283442
2020-11-01,AAPL,115.57491302490234,0.09549332014283918
2020-11-01,ACN,227.16928100585938,0.14835617341777474
2020-11-01,AMZN,158.40199279785156,0.043439868865324804
2020-11-01,AVGO,35.62487030029297,0.1485852115401325
2020-11-01,BRK-B,228.91000366210938,0.1337791509764643
2020-11-01,COST,359.63397216796875,0.09549233349672703
2020-11-01,GOOGL,86.89315795898438,0.0855699131001535
2020-11-01,JNJ,123.5357666015625,0.06254369551553918
2020-11-01,JPM,102.08137512207031,0.20236637747590236
2020-11-01,KO,43.548091888427734,0.08207646526287715
2020-11-01,MA,325.5187683105469,0.16584688893970068
2020-11-01,META,274.3423767089844,0.052677611113615797
2020-11-01,MSFT,204.11375427246094,0.06006053934490807
2020-11-01,NVDA,13.32878303527832,0.06921166665990897
2020-11-01,PEP,119.11803436279297,0.08207661995398907
2020-11-01,PG,119.87187194824219,0.012910023220700007
2020-11-01,TSLA,189.1999969482422,0.4627358021475634
2020-11-01,UNH,302.91680908203125,0.10224787550856651
2020-11-01,V,201.64810180664062,0.15935790051033738
2020-11-01,WMT,47.11078643798828,0.10118896354500206
2020-12-01,AAPL,128.8167266845703,0.11457342526240821
2020-12-01,ACN,238.22271728515625,0.0486572666443037
2020-12-01,AMZN,162.84649658203125,0.028058383014484267
2020-12-01,AVGO,39.17341232299805,0.0996085597728027
2020-12-01,BRK-B,231.8699951171875,0.012930808648482284
2020-12-01,COST,354.9333801269531,-0.013070489455373813
2020-12-01,GOOGL,86.80599212646484,-0.0010031380440871374
2020-12-01,JNJ,134.37973022460938,0.08777995168008057
2020-12-01,JPM,110.0396957397461,0.07796055458852424
2020-12-01,KO,46.282508850097656,0.06279074106566207
2020-12-01,MA,345.28143310546875,0.06071129138725473
2020-12-01,META,270.56854248046875,-0.013755928900910597
2020-12-01,MSFT,212.07537841796875,0.039005818955641036
2020-12-01,NVDA,12.987998962402344,-0.02556753095717723
2020-12-01,PEP,123.35196685791016,0.03554400908112765
2020-12-01,PG,120.10497283935547,0.0019445837236440333
2020-12-01,TSLA,235.22332763671875,0.24325228028976542
2020-12-01,UNH,316.9681396484375,0.04638676410525999
2020-12-01,V,209.68141174316406,0.03983826212371966
2020-12-01,WMT,44.609230041503906,-0.05309944039624903
2021-01-01,AAPL,128.1080780029297,-0.005501216339519832
2021-01-01,ACN,221.38421630859375,-0.07068385907296393
2021-01-01,AMZN,160.30999755859375,-0.01557601223652838
2021-01-01,AVGO,40.3051872253418,0.028891404532540577
2021-01-01,BRK-B,227.8699951171875,-0.01725104620793383
2021-01-01,COST,331.99530029296875,-0.06462643729304873
2021-01-01,GOOGL,90.50676727294922,0.04263271527491819
2021-01-01,JNJ,139.28936767578125,0.03653555073347481
2021-01-01,JPM,112.22770690917969,0.019883835144441253
2021-01-01,KO,40.636444091796875,-0.12199132887518194
2021-01-01,MA,306.34698486328125,-0.1127614881924296
2021-01-01,META,255.8792724609375,-0.054290383815005394
2021-01-01,MSFT,221.17172241210938,0.04289203236131023
2021-01-01,NVDA,12.923083305358887,-0.0049981261340853456
2021-01-01,PEP,113.59528350830078,-0.07909629329906154
2021-01-01,PG,111.33779907226562,-0.07299592647855002
2021-01-01,TSLA,264.510009765625,0.12450585757436827
2021-01-01,UNH,301.5119934082031,-0.04876246002950779
2021-01-01,V,185.2555389404297,-0.11649040608641692
2021-01-01,WMT,43.47658920288086,-0.025390279939134786
2021-02-01,AAPL,117.89631652832031,-0.07971208087577308
2021-02-01,ACN,229.6019287109375,0.03711968513097985
2021-02-01,AMZN,154.64649963378906,-0.03532841376742368
2021-02-01,AVGO,42.03815841674805,0.042996232264532086
2021-02-01,BRK-B,240.50999450683594,0.05547022276078084
2021-02-01,COST,312.4234619140625,-0.05895215493000994
2021-02-01,GOOGL,100.14257049560547,0.10646500270633585
2021-02-01,JNJ,136.14556884765625,-0.02257027137521872
2021-02-01,JPM,128.36363220214844,0.14377844595922062
2021-02-01,KO,41.345375061035156,0.017445694008974444
2021-02-01,MA,342.72625732421875,0.11875185413420386
2021-02-01,META,255.1759796142578,-0.002748533868787928
2021-02-01,MSFT,222.08248901367188,0.004117916122502674
2021-02-01,NVDA,13.644113540649414,0.05579397874743508
2021-02-01,PEP,107.45679473876953,-0.054038236271338635
2021-02-01,PG,107.27366638183594,-0.036502721665907845
2021-02-01,TSLA,225.1666717529297,-0.14874045049393914
2021-02-01,UNH,300.2828369140625,-0.004076642127056385
2021-02-01,V,203.91978454589844,0.10074865082155715
2021-02-01,WMT,40.20555114746094,-0.07523676800302392
2021-03-01,AAPL,118.76163482666016,0.0073396550784687875
2021-03-01,ACN,252.80010986328125,0.10103652561886634
2021-03-01,AMZN,154.70399475097656,0.00037178414851712915
2021-03-01,AVGO,41.806827545166016,-0.005502878344210926
2021-03-01,BRK-B,255.47000122070312,0.062201185212874766
2021-03-01,COST,332.6980285644531,0.06489450736567126
2021-03-01,GOOGL,102.15391540527344,0.02008481407770768
2021-03-01,JNJ,141.2061767578125,0.03717056642378824
2021-03-01,JPM,132.77708435058594,0.03438241870163927
2021-03-01,KO,44.85514831542969,0.08488913812520282
2021-03-01,MA,344.857177734375,0.006217558079130159
2021-03-01,META,291.73583984375,0.1432731258042339
2021-03-01,MSFT,225.322265625,0.014588167782686678
2021-03-01,NVDA,13.284327507019043,-0.026369322752883395
2021-03-01,PEP,118.59378814697266,0.10364159321220656
2021-03-01,PG,117.60763549804688,0.0963327670691112
2021-03-01,TSLA,222.64332580566406,-0.011206569460841198
2021-03-01,UNH,337.49664306640625,0.12392918135042774
2021-03-01,V,203.28611755371094,-0.00310743262895552
2021-03-01,WMT,42.20999526977539,0.049854909710422834
2021-04-01,AAPL,127.81338500976562,0.07621779707156318
2021-04-01,ACN,266.1766052246094,0.05291332890860834
2021-04-01,AMZN,173.37100219726562,0.12066273709568343
2021-04-01,AVGO,41.134185791015625,-0.01608927999675891
2021-04-01,BRK-B,274.95001220703125,0.07625165731102479
2021-04-01,COST,351.9597473144531,0.057895500111953435
2021-04-01,GOOGL,116.56580352783203,0.14108013447534118
2021-04-01,JNJ,139.81423950195312,-0.009857481363911846
2021-04-01,JPM,134.9453125,0.016329837034898764
2021-04-01,KO,45.935890197753906,0.024094043223851225
2021-04-01,MA,370.48870849609375,0.07432506097194058
2021-04-01,META,321.9960021972656,0.1037245282229382
2021-04-01,MSFT,241.0050506591797,0.06960157705976688
2021-04-01,NVDA,14.937623023986816,0.12445458876967774
2021-04-01,PEP,120.86589813232422,0.01915876051227694
2021-04-01,PG,116.60342407226562,-0.008538658408772548
2021-04-01,TSLA,236.47999572753906,0.06214724771921731
2021-04-01,UNH,361.7428894042969,0.0718414444588118
2021-04-01,V,224.2455596923828,0.10310316509013018
2021-04-01,WMT,43.47787094116211,0.03003733270481046
2021-05-01,AAPL,121.35916900634766,-0.050497183866344164
2021-05-01,ACN,259.00750732421875,-0.026933613847622273
2021-05-01,AMZN,161.15350341796875,-0.07047025525869377
2021-05-01,AVGO,42.588584899902344,0.035357430344576946
2021-05-01,BRK-B,289.44000244140625,0.05270045314078531
2021-05-01,COST,357.80535888671875,0.01660875033826792
2021-05-01,GOOGL,116.73171997070312,0.0014233715021874094
2021-05-01,JNJ,146.32339477539062,0.04655573921958478
2021-05-01,JPM,144.0960693359375,0.06781085364441619
2021-05-01,KO,47.05067443847656,0.024268262483289504
2021-05-01,MA,349.65924072265625,-0.056221599459777116
2021-05-01,META,325.61138916015625,0.011228049224895953
2021-05-01,MSFT,239.16683959960938,-0.0076272719370095166
2021-05-01,NVDA,16.16670799255371,0.08228116123918983
2021-05-01,PEP,124.03508758544922,0.02622070825681
2021-05-01,PG,117.85320281982422,0.010718199379668558
2021-05-01,TSLA,208.4066619873047,-0.11871335524117277
2021-05-01,UNH,373.6437072753906,0.032898553695669186
2021-05-01,V,218.5522003173828,-0.025388950322182913
2021-05-01,WMT,44.310020446777344,0.019139610279936825
2021-06-01,AAPL,133.38699340820312,0.09910931741157825
2021-06-01,ACN,270.60113525390625,0.04476174474423589
2021-06-01,AMZN,172.00799560546875,0.06735498737093981
2021-06-01,AVGO,43.331790924072266,0.017450826927372987
2021-06-01,BRK-B,277.9200134277344,-0.039800956731970594
2021-06-01,COST,374.2640380859375,0.045998973437481716
2021-06-01,GOOGL,120.93868255615234,0.0360395836410623
2021-06-01,JNJ,142.42431640625,-0.026646992267543967
2021-06-01,JPM,136.46310424804688,-0.052971362252051124
2021-06-01,KO,46.39349365234375,-0.013967510433716357
2021-06-01,MA,354.0326843261719,0.01250773065364097
2021-06-01,META,344.41131591796875,0.057737313201183804
2021-06-01,MSFT,259.4933166503906,0.08498869276698184
2021-06-01,NVDA,19.911273956298828,0.23162204485105087
2021-06-01,PEP,125.13551330566406,0.008871890540301797
2021-06-01,PG,117.92308807373047,0.0005929856145963086
2021-06-01,TSLA,226.56666564941406,0.08713734718910104
2021-06-01,UNH,364.5607604980469,-0.024309112131384647
2021-06-01,V,224.82127380371094,0.02868455900798139
2021-06-01,WMT,43.994903564453125,-0.007111639289418048
2021-07-01,AAPL,142.0548095703125,0.06498246898468829
2021-07-01,ACN,292.43597412109375,0.08069012292464994
2021-07-01,AMZN,166.37950134277344,-0.032722282722282725
2021-07-01,AVGO,44.10966110229492,0.017951489233059226
2021-07-01,BRK-B,278.2900085449219,0.001331300731545637
2021-07-01,COST,407.2339172363281,0.08809256512863306
2021-07-01,GOOGL,133.45654296875,0.10350584401963836
2021-07-01,JNJ,148.87374877929688,0.04528322505442506
2021-07-01,JPM,133.931640625,-0.018550535230720477
2021-07-01,KO,48.897071838378906,0.053963993416751066
2021-07-01,MA,374.6920166015625,0.058354307921347326
2021-07-01,META,352.9198303222656,0.024704514663285382
2021-07-01,MSFT,272.9134826660156,0.05171680792729494
2021-07-01,NVDA,19.410070419311523,-0.025171846768184847
2021-07-01,PEP,132.55055236816406,0.05925607260975996
2021-07-01,PG,125.08477783203125,0.06073187087691423
2021-07-01,TSLA,229.06666564941406,0.01103427987887895
2021-07-01,UNH,375.2853088378906,0.02941772538874554
2021-07-01,V,236.907470703125,0.05375913362169804
2021-07-01,WMT,44.47222900390625,0.01084956212607291
2021-08-01,AAPL,148.09060668945312,0.04248921340571088
2021-08-01,ACN,309.8157958984375,0.05943120311917238
2021-08-01,AMZN,173.5395050048828,0.043034169499993835
2021-08-01,AVGO,45.1828727722168,0.024330535377113494
2021-08-01,BRK-B,285.7699890136719,0.02687836515532882
2021-08-01,COST,431.6554260253906,0.05996924066344422
2021-08-01,GOOGL,143.3335723876953,0.07400933067221827
2021-08-01,JNJ,150.56723022460938,0.011375285832447624
2021-08-01,JPM,141.14089965820312,0.05382790055852893
2021-08-01,KO,48.27975082397461,-0.012624907610925051
2021-08-01,MA,336.1393737792969,-0.10289155123169191
2021-08-01,META,375.7809143066406,0.06477698905017504
2021-08-01,MSFT,289.7224426269531,0.061590800852839855
2021-08-01,NVDA,22.286836624145508,0.14820998289484955
2021-08-01,PEP,132.07763671875,-0.0035678134942849216
2021-08-01,PG,125.22549438476562,0.0011249694421118228
2021-08-01,TSLA,245.24000549316406,0.07060538379906944
2021-08-01,UNH,378.9723815917969,0.00982471913255445
2021-08-01,V,220.58322143554688,-0.06890559094286419
2021-08-01,WMT,46.37373352050781,0.042757121898129746
2021-09-01,AAPL,138.0150146484375,-0.06803667204999841
2021-09-01,ACN,294.498046875,-0.049441472081878324
2021-09-01,AMZN,164.2519989013672,-0.05351810876292584
2021-09-01,AVGO,44.38990783691406,-0.017550122129249224
2021-09-01,BRK-B,272.94000244140625,-0.04489619997029082
2021-09-01,COST,425.8367614746094,-0.01347988279530854
2021-09-01,GOOGL,132.4159698486328,-0.07616919300338143
2021-09-01,JNJ,140.452880859375,-0.06717497127460104
2021-09-01,JPM,144.44113159179688,0.023382534343948658
2021-09-01,KO,45.32688522338867,-0.06116157499138564
2021-09-01,MA,337.5471496582031,0.004188071938964644
2021-09-01,META,336.1702575683594,-0.10540891043220624
2021-09-01,MSFT,270.5663146972656,-0.066118895574662
2021-09-01,NVDA,20.625152587890625,-0.07455899032591362
2021-09-01,PEP,127.8979263305664,-0.03164585990498903
2021-09-01,PG,122.94770812988281,-0.01818947703958851
2021-09-01,TSLA,258.49334716796875,0.05404233150359361
2021-09-01,UNH,356.9785461425781,-0.05803545724582382
2021-09-01,V,214.46926879882812,-0.027717215284686625
2021-09-01,WMT,43.643287658691406,-0.05887914676114925
2021-10-01,AAPL,146.110595703125,0.05865724881679868
2021-10-01,ACN,331.2599182128906,0.12482891390276096
2021-10-01,AMZN,168.6215057373047,0.02660245759664326
2021-10-01,AVGO,48.668426513671875,0.09638494165108069
2021-10-01,BRK-B,287.010009765625,0.05154981753632559
2021-10-01,COST,466.5725402832031,0.09566054998993456
2021-10-01,GOOGL,146.65052795410156,0.10749880185706107
2021-10-01,JNJ,141.65301513671875,0.008544746608261766
2021-10-01,JPM,150.8153839111328,0.04413045127166493
2021-10-01,KO,48.69595718383789,0.07432833612645373
2021-10-01,MA,326.1531066894531,-0.033755411592980455
2021-10-01,META,320.5003662109375,-0.04661296174970342
2021-10-01,MSFT,318.2647705078125,0.17629118341622196
2021-10-01,NVDA,25.454883575439453,0.23416704273908961
2021-10-01,PEP,137.41314697265625,0.0743969891857097
2021-10-01,PG,126.53272247314453,0.029158854587793437
2021-10-01,TSLA,371.3333435058594,0.436529595729082
2021-10-01,UNH,420.68359375,0.17845623580409198
2021-10-01,V,203.89747619628906,-0.04929280853032325
2021-10-01,WMT,46.78705596923828,0.07203326053555914
2021-11-01,AAPL,161.46414184570312,0.10508167507423116
2021-11-01,ACN,329.9765319824219,-0.00387425752379722
2021-11-01,AMZN,175.35350036621094,0.039923701306487036
2021-11-01,AVGO,50.683189392089844,0.041397740234153435
2021-11-01,BRK-B,276.69000244140625,-0.03595695959400913
2021-11-01,COST,511.9825744628906,0.09732684686527904
2021-11-01,GOOGL,140.55999755859375,-0.041530913529435165
2021-11-01,JNJ,136.49700927734375,-0.036398843006614445
2021-11-01,JPM,140.99716186523438,-0.06510093195587907
2021-11-01,KO,45.660980224609375,-0.0623250293195966
2021-11-01,MA,306.128173828125,-0.06139733901230282
2021-11-01,META,321.3818664550781,0.002750387634691487
2021-11-01,MSFT,317.85675048828125,-0.0012820144022859248
2021-11-01,NVDA,32.532711029052734,0.27805381362822
2021-11-01,PEP,135.8655242919922,-0.011262551762765582
2021-11-01,PG,127.93978118896484,0.011120117297080512
2021-11-01,TSLA,381.586669921875,0.02761218887377903
2021-11-01,UNH,405.8376770019531,-0.035289982705789535
2021-11-01,V,186.89503479003906,-0.08338720872583039
2021-11-01,WMT,44.03469467163086,-0.05882740943172515
2021-12-01,AAPL,173.44944763183594,0.07422890091340584
2021-12-01,ACN,382.74139404296875,0.1599048930648126
2021-12-01,AMZN,166.7169952392578,-0.04925196878828486
2021-12-01,AVGO,61.30046463012695,0.20948317115367154
2021-12-01,BRK-B,299.0,0.08063174441338283
2021-12-01,COST,538.8641357421875,0.05250483633646663
2021-12-01,GOOGL,143.48663330078125,0.020821256353305673
2021-12-01,JNJ,149.75021362304688,0.09709519949096013
2021-12-01,JPM,140.57102966308594,-0.0030222750338460003
2021-12-01,KO,51.54597473144531,0.1288845416346136
2021-12-01,MA,349.2887268066406,0.1409885030795892
2021-12-01,META,333.1590881347656,0.03664556998686064
2021-12-01,MSFT,323.3659973144531,0.017332483320579906
2021-12-01,NVDA,29.285606384277344,-0.09981045360393193
2021-12-01,PEP,148.708740234375,0.0945288807393192
2021-12-01,PG,144.7529754638672,0.13141490565838576
2021-12-01,TSLA,352.260009765625,-0.07685451947850863
2021-12-01,UNH,460.24951171875,0.13407290106417347
2021-12-01,V,209.02113342285156,0.11838783549102483
2021-12-01,WMT,45.48838806152344,0.03301245530899788
2022-01-01,AAPL,170.72415161132812,-0.015712336117048475
2022-01-01,ACN,327.2959289550781,-0.14486404123214847
2022-01-01,AMZN,149.57350158691406,-0.10282991021845667
2022-01-01,AVGO,53.973819732666016,-0.11952021802229795
2022-01-01,BRK-B,313.0199890136719,0.046889595363451164
2022-01-01,COST,479.4722900390625,-0.11021673509840013
2022-01-01,GOOGL,134.0281219482422,-0.065919111313399
2022-01-01,JNJ,150.81814575195312,0.007131423074924426
2022-01-01,JPM,132.7064666748047,-0.05594725319385274
2022-01-01,KO,53.11298370361328,0.030400220004221268
2022-01-01,MA,376.0860900878906,0.07671980577857163
2022-01-01,META,310.2881774902344,-0.06864861700930025
2022-01-01,MSFT,299.0019836425781,-0.07534500805346744
2022-01-01,NVDA,24.381608963012695,-0.16745418745699847
2022-01-01,PEP,148.54608154296875,-0.001093807204269881
2022-01-01,PG,142.7498321533203,-0.013838356718594014
2022-01-01,TSLA,312.239990234375,-0.11360931817914044
2022-01-01,UNH,433.1462097167969,-0.05888827975229982
2022-01-01,V,218.14549255371094,0.04365280668725835
2022-01-01,WMT,43.954185485839844,-0.03372734539655642
2022-02-01,AAPL,161.49380493164062,-0.05406585179993384
2022-02-01,ACN,292.528076171875,-0.1062275748256406
2022-02-01,AMZN,153.56300354003906,0.026672518265588474
2022-02-01,AVGO,54.117530822753906,0.002662607367788672
2022-02-01,BRK-B,321.45001220703125,0.02693126154633907
2022-02-01,COST,493.6221008300781,0.029511216987873956
2022-02-01,GOOGL,133.78395080566406,-0.0018217903752498765
2022-02-01,JNJ,144.9850311279297,-0.03867647752159087
2022-02-01,JPM,126.63375091552734,-0.04576051123536007
2022-02-01,KO,54.183780670166016,0.020160738333363293
2022-02-01,MA,351.20709228515625,-0.06615240089555086
2022-02-01,META,209.02801513671875,-0.3263423156259396
2022-02-01,MSFT,287.8755798339844,-0.037211805998899505
2022-02-01,NVDA,24.281034469604492,-0.004125014619042466
2022-02-01,PEP,140.1736602783203,-0.05636245115106997
2022-02-01,PG,138.69288635253906,-0.0284199689735809
2022-02-01,TSLA,290.1433410644531,-0.0707681586632628
2022-02-01,UNH,436.17095947265625,0.006983207258900004
2022-02-01,V,208.7912139892578,-0.04288091610304512
2022-02-01,WMT,42.492305755615234,-0.033259170066877175
2022-03-01,AAPL,170.7754364013672,0.05747360695139614
2022-03-01,ACN,312.1614074707031,0.06711605790376352
2022-03-01,AMZN,162.99749755859375,0.061437285030015776
2022-03-01,AVGO,58.401126861572266,0.07915357507436949
2022-03-01,BRK-B,352.9100036621094,0.09786900065449733
2022-03-01,COST,547.4285888671875,0.10900340148187859
2022-03-01,GOOGL,137.7566680908203,0.029695021422465384
2022-03-01,JNJ,156.13836669921875,0.07692749716657121
2022-03-01,JPM,121.73987579345703,-0.03864589879624458
2022-03-01,KO,54.38800048828125,0.0037690212013514746
2022-03-01,MA,347.8586730957031,-0.009534030670241833
2022-03-01,META,220.25050354003906,0.053688920099920656
2022-03-01,MSFT,297.04779052734375,0.03186171851967745
2022-03-01,NVDA,27.174297332763672,0.11915731460210344
2022-03-01,PEP,144.2322235107422,0.028953822168611643
2022-03-01,PG,135.94375610351562,-0.019821710552879512
2022-03-01,TSLA,359.20001220703125,0.2380088093327557
2022-03-01,UNH,468.80938720703125,0.07482943792002072
2022-03-01,V,214.24960327148438,0.02614281117455164
2022-03-01,WMT,46.99931716918945,0.10606652977353748
2022-04-01,AAPL,154.1878662109375,-0.0971308903667184
2022-04-01,ACN,278.8600769042969,-0.10667984500784788
2022-04-01,AMZN,124.28150177001953,-0.2375250931362105
2022-04-01,AVGO,51.418182373046875,-0.11956866012323719
2022-04-01,BRK-B,322.8299865722656,-0.08523424322832063
2022-04-01,COST,506.2989196777344,-0.07513248307795573
2022-04-01,GOOGL,113.03390502929688,-0.1794669064238995
2022-04-01,JNJ,158.98397827148438,0.018224934924209624
2022-04-01,JPM,107.38394927978516,-0.11792296008275904
2022-04-01,KO,56.67757034301758,0.04209696687102249
2022-04-01,MA,354.18975830078125,0.01820016487942011
2022-04-01,META,198.5681915283203,-0.09844387033502122
2022-04-01,MSFT,267.38250732421875,-0.09986703873629477
2022-04-01,NVDA,18.471073150634766,-0.32027412063514704
2022-04-01,PEP,147.96339416503906,0.02586918903055646
2022-04-01,PG,143.64015197753906,0.05661455954007155
2022-04-01,TSLA,290.2533264160156,-0.19194510982164714
2022-04-01,UNH,467.5039978027344,-0.0027844779561131405
2022-04-01,V,205.90260314941406,-0.03895923257086964
2022-04-01,WMT,48.2838134765625,0.027330105727899845
2022-05-01,AAPL,145.7852020263672,-0.05449627387070133
2022-05-01,ACN,277.09613037109375,-0.006325561381124167
2022-05-01,AMZN,120.20950317382812,-0.03276431760316645
2022-05-01,AVGO,53.80550003051758,0.046429444746808546
2022-05-01,BRK-B,315.9800109863281,-0.021218523281151702
2022-05-01,COST,443.9305114746094,-0.12318495216782854
2022-05-01,GOOGL,112.68968200683594,-0.0030453077098567816
2022-05-01,JNJ,159.18099975585938,0.0012392537066758802
2022-05-01,JPM,118.96260070800781,0.10782478671980011
2022-05-01,KO,55.59857940673828,-0.01903735339657553
2022-05-01,MA,348.819091796875,-0.015163246192300806
2022-05-01,META,191.802978515625,-0.03406997344652973
2022-05-01,MSFT,262.5489501953125,-0.01807731245127886
2022-05-01,NVDA,18.595563888549805,0.006739767467747848
2022-05-01,PEP,144.5510711669922,-0.02306194053808175
2022-05-01,PG,132.3046417236328,-0.07891602798971398
2022-05-01,TSLA,252.75332641601562,-0.12919748573786138
2022-05-01,UNH,456.6839904785156,-0.02314420277703022
2022-05-01,V,205.36660766601562,-0.002603150592561887
2022-05-01,WMT,40.74334716796875,-0.15616965118660264
2022-06-01,AAPL,133.9139862060547,-0.08142949802384902
2022-06-01,ACN,257.77569580078125,-0.06972466394401866
2022-06-01,AMZN,106.20999908447266,-0.11645921262241288
2022-06-01,AVGO,45.431114196777344,-0.1556418178251373
2022-06-01,BRK-B,273.0199890136719,-0.1359580368345359
2022-06-01,COST,456.3661193847656,0.028012510040926752
2022-06-01,GOOGL,107.9359130859375,-0.04218459788190787
2022-06-01,JNJ,157.38998413085938,-0.011251440986970396
2022-06-01,JPM,101.31121063232422,-0.14837764112949003
2022-06-01,KO,55.584999084472656,-0.0002442566412763636
2022-06-01,MA,307.5011901855469,-0.11845080324728452
2022-06-01,META,159.72024536132812,-0.1672692124105012
2022-06-01,MSFT,248.02462768554688,-0.05532043643275231
2022-06-01,NVDA,15.10013484954834,-0.18797112364813906
2022-06-01,PEP,144.61070251464844,0.0004125278849533842
2022-06-01,PG,128.6454315185547,-0.027657459008291974
2022-06-01,TSLA,224.47332763671875,-0.11188774122303669
2022-06-01,UNH,473.8578796386719,0.03760562997218564
2022-06-01,V,190.57659912109375,-0.07201759192017543
2022-06-01,WMT,38.51026153564453,-0.054808595452849995
2022-07-01,AAPL,159.17466735839844,0.18863362870458444
2022-07-01,ACN,285.3492126464844,0.10696709307697105
2022-07-01,AMZN,134.9499969482422,0.27059597129750057
2022-07-01,AVGO,50.07608413696289,0.10224204319679742
2022-07-01,BRK-B,300.6000061035156,0.10101830708249948
2022-07-01,COST,516.3107299804688,0.13135201771006888
2022-07-01,GOOGL,115.22356414794922,0.06751831576399758
2022-07-01,JNJ,154.73887634277344,-0.016844196298296366
2022-07-01,JPM,104.70333862304688,0.03348225699358465
2022-07-01,KO,56.698299407958984,0.02002879089364451
2022-07-01,MA,345.3708801269531,0.12315298655772877
2022-07-01,META,157.59066772460938,-0.013333172835423013
2022-07-01,MSFT,271.1148376464844,0.09309644036725251
2022-07-01,NVDA,18.092470169067383,0.1981661322454049
2022-07-01,PEP,151.8125762939453,0.049801803421619883
2022-07-01,PG,125.08621215820312,-0.027666892779151797
2022-07-01,TSLA,297.1499938964844,0.32376526434081954
2022-07-01,UNH,500.3447265625,0.05589618335359314
2022-07-01,V,205.3085174560547,0.07730182195978941
2022-07-01,WMT,41.826622009277344,0.0861162802169817
2022-08-01,AAPL,154.20716857910156,-0.031207847716823167
2022-08-01,ACN,268.7644348144531,-0.05812098683649747
2022-08-01,AMZN,126.7699966430664,-0.06061504624052039
2022-08-01,AVGO,46.67488479614258,-0.06792063316128527
2022-08-01,BRK-B,280.79998779296875,-0.06586832304896384
2022-08-01,COST,497.9970397949219,-0.03547028779789185
2022-08-01,GOOGL,107.19991302490234,-0.06963550539665964
2022-08-01,JNJ,144.0139617919922,-0.06930976109083087
2022-08-01,JPM,103.22391510009766,-0.01412966904785573
2022-08-01,KO,54.52473068237305,-0.038335695219825716
2022-08-01,MA,316.65093994140625,-0.08315680863131791
2022-08-01,META,161.38430786132812,0.024072746130806122
2022-08-01,MSFT,253.0415802001953,-0.06666273820784163
2022-08-01,NVDA,15.035385131835938,-0.1689700194978423
2022-08-01,PEP,149.4784393310547,-0.015375122535113195
2022-08-01,PG,124.21272277832031,-0.006983098814904221
2022-08-01,TSLA,275.6099853515625,-0.07248867234513756
2022-08-01,UNH,479.1164855957031,-0.042427230347045874
2022-08-01,V,192.67892456054688,-0.06151519212158896
2022-08-01,WMT,42.16785430908203,0.00815825623520361
2022-09-01,AAPL,135.5516815185547,-0.12097678228867437
2022-09-01,ACN,239.73204040527344,-0.10802171213323952
2022-09-01,AMZN,113.0,-0.10862189009783763
2022-09-01,AVGO,41.87030792236328,-0.10293709121648154
2022-09-01,BRK-B,267.0199890136719,-0.04907407186020518
2022-09-01,COST,450.4674072265625,-0.09544159657642215
2022-09-01,GOOGL,94.74840545654297,-0.11615221707751677
2022-09-01,JNJ,145.81700134277344,0.01251989410155585
2022-09-01,JPM,94.84656524658203,-0.08115706370361941
2022-09-01,KO,49.85811996459961,-0.08558704755385571
2022-09-01,MA,277.57354736328125,-0.12340842122671725
2022-09-01,META,134.39280700683594,-0.16724984734999782
2022-09-01,MSFT,225.39247131347656,-0.10926705747270471
2022-09-01,NVDA,12.095455169677734,-0.19553406423445663
2022-09-01,PEP,142.61251831054688,-0.0459325174335119
2022-09-01,PG,113.68608093261719,-0.08474688912898065
2022-09-01,TSLA,265.25,-0.03758929611475259
2022-09-01,UNH,467.3949279785156,-0.024464943222760605
2022-09-01,V,172.25807189941406,-0.10598384181200793
2022-09-01,WMT,41.26118087768555,-0.02150153111303099
2022-10-01,AAPL,150.40150451660156,0.10955100542972018
2022-10-01,ACN,265.692138671875,0.10828797945704438
2022-10-01,AMZN,102.44000244140625,-0.09345130582826322
2022-10-01,AVGO,44.332496643066406,0.05880512570551333
2022-10-01,BRK-B,295.0899963378906,0.10512324349912805
2022-10-01,COST,479.2115783691406,0.06380965788302029
2022-10-01,GOOGL,93.61914825439453,-0.011918482392470175
2022-10-01,JNJ,155.28762817382812,0.06494871478526698
2022-10-01,JPM,115.27371978759766,0.21537052488837238
2022-10-01,KO,53.266841888427734,0.06836844081261773
2022-10-01,MA,320.8871765136719,0.15604379294004866
2022-10-01,META,92.27621459960938,-0.31338427513523315
2022-10-01,MSFT,224.64727783203125,-0.0033062039610404215
2022-10-01,NVDA,13.448582649230957,0.1118707366172873
2022-10-01,PEP,158.61558532714844,0.1122136205585682
2022-10-01,PG,122.12875366210938,0.07426302903779614
2022-10-01,TSLA,227.5399932861328,-0.14216779156971604
2022-10-01,UNH,513.7699584960938,0.09922022628304994
2022-10-01,V,200.8724365234375,0.1661133455663668
2022-10-01,WMT,45.279136657714844,0.09737859398498805
2022-11-01,AAPL,145.43411254882812,-0.033027541737291166
2022-11-01,ACN,281.62994384765625,0.05998598699777169
2022-11-01,AMZN,96.54000091552734,-0.05759470309709913
2022-11-01,AVGO,51.96234130859375,0.1721050074611723
2022-11-01,BRK-B,318.6000061035156,0.07967064304919713
2022-11-01,COST,515.2838745117188,0.07527425832518464
2022-11-01,GOOGL,100.0380630493164,0.06856412298774117
2022-11-01,JNJ,159.910400390625,0.02976909539517325
2022-11-01,JPM,126.53736114501953,0.09771213575979121
2022-11-01,KO,57.01477813720703,0.07036152540504825
2022-11-01,MA,348.4800720214844,0.08598939916390469
2022-11-01,META,116.97962188720703,0.2677115375266188
2022-11-01,MSFT,247.61143493652344,0.1022231710355399
2022-11-01,NVDA,16.866605758666992,0.2541548948752226
2022-11-01,PEP,162.048583984375,0.02164351409822629
2022-11-01,PG,135.26934814453125,0.10759623830091347
2022-11-01,TSLA,194.6999969482422,-0.14432626046795272
2022-11-01,UNH,506.93072509765625,-0.013311859296828654
2022-11-01,V,210.88409423828125,0.04984087358185452
2022-11-01,WMT,48.48904800415039,0.07089161992422022
2022-12-01,AAPL,127.65148162841797,-0.12227276399434694
2022-12-01,ACN,249.726318359375,-0.11328207878896235
2022-12-01,AMZN,84.0,-0.1298943525647971
2022-12-01,AVGO,53.166099548339844,0.023165973846274834
2022-12-01,BRK-B,308.8999938964844,-0.030445737668566286
2022-12-01,COST,436.2115173339844,-0.15345397185709153
2022-12-01,GOOGL,87.39835357666016,-0.1263490024434517
2022-12-01,JNJ,158.6975555419922,-0.00758452762090589
2022-12-01,JPM,122.80115509033203,-0.029526505222481902
2022-12-01,KO,57.01477813720703,0.0
2022-12-01,MA,340.0027160644531,-0.024326659220010205
2022-12-01,META,119.19835662841797,0.018966848288758165
2022-12-01,MSFT,232.74349975585938,-0.06004543039167609
2022-12-01,NVDA,14.56530475616455,-0.13644126360870834
2022-12-01,PEP,158.7963409423828,-0.020069555450763943
2022-12-01,PG,137.44590759277344,0.016090559155475415
2022-12-01,TSLA,123.18000030517578,-0.3673343490707852
2022-12-01,UNH,492.1737060546875,-0.02911052400725156
2022-12-01,V,201.90452575683594,-0.04258058680944976
2022-12-01,WMT,45.27738952636719,-0.06623471917840706
2023-01-01,AAPL,141.7596893310547,0.11052130004808292
2023-01-01,ACN,262.2214660644531,0.050035365864388615
2023-01-01,AMZN,103.12999725341797,0.22773806254069018
2023-01-01,AVGO,55.62696075439453,0.0462862844361418
2023-01-01,BRK-B,311.5199890136719,0.008481693651523736
2023-01-01,COST,488.42315673828125,0.11969339948518853
2023-01-01,GOOGL,97.90834045410156,0.12025383142055102
2023-01-01,JNJ,146.81210327148438,-0.07489373248325093
2023-01-01,JPM,129.11410522460938,0.0514079051588201
2023-01-01,KO,54.96221160888672,-0.036000605376044326
2023-01-01,MA,362.95257568359375,0.06749904790404715
2023-01-01,META,147.5567626953125,0.23790937114424637
2023-01-01,MSFT,240.49771118164062,0.03331655420630519
2023-01-01,NVDA,19.471893310546875,0.3368682383597694
2023-01-01,PEP,150.32296752929688,-0.0533600041587885
2023-01-01,PG,129.93101501464844,-0.05467527342021872
2023-01-01,TSLA,173.22000122070312,0.4062347847991097
2023-01-01,UNH,463.40521240234375,-0.058451910978655874
2023-01-01,V,223.72178649902344,0.10805731402208951
2023-01-01,WMT,45.94160079956055,0.01466982262320049
2023-02-01,AAPL,145.04612731933594,0.023183163026030407
2023-02-01,ACN,249.5355682373047,-0.04837856342405733
2023-02-01,AMZN,94.2300033569336,-0.08629878923214462
2023-02-01,AVGO,56.50937271118164,0.015863026575964723
2023-02-01,BRK-B,305.17999267578125,-0.02035181228005367
2023-02-01,COST,463.4667663574219,-0.051095837772147434
2023-02-01,GOOGL,89.21109771728516,-0.08883045812520518
2023-02-01,JNJ,138.67489624023438,-0.05542599588129804
2023-02-01,JPM,132.24142456054688,0.024221360869109976
2023-02-01,KO,53.33987808227539,-0.029517253384123587
2023-02-01,MA,347.95849609375,-0.0413114015284326
2023-02-01,META,173.28036499023438,0.17433021587792696
2023-02-01,MSFT,242.66648864746094,0.009017871542994937
2023-02-01,NVDA,23.138641357421875,0.18830978520660446
2023-02-01,PEP,152.52920532226562,0.014676651407502073
2023-02-01,PG,125.53244018554688,-0.03385315529633681
2023-02-01,TSLA,205.7100067138672,0.18756497670132144
2023-02-01,UNH,441.8218688964844,-0.04657553028799344
2023-02-01,V,214.1598358154297,-0.04274036441969631
2023-02-01,WMT,45.38595962524414,-0.012094510523057767
2023-03-01,AAPL,162.25564575195312,0.11864858959473246
2023-03-01,ACN,268.57373046875,0.07629438306502379
2023-03-01,AMZN,103.29000091552734,0.0961476943206232
2023-03-01,AVGO,61.44131088256836,0.0872764629080871
2023-03-01,BRK-B,308.7699890136719,0.011763537663180168
2023-03-01,COST,475.61383056640625,0.02620913750613285
2023-03-01,GOOGL,102.75224304199219,0.1517876774436704
2023-03-01,JNJ,140.24932861328125,0.011353405812681405
2023-03-01,JPM,120.2119140625,-0.09096628033176657
2023-03-01,KO,56.025062561035156,0.05034103142526747
2023-03-01,MA,355.91094970703125,0.022854603932816797
2023-03-01,META,209.9293975830078,0.2115013584767027
2023-03-01,MSFT,280.49371337890625,0.15588153495062773
2023-03-01,NVDA,27.689144134521484,0.1966624879485417
2023-03-01,PEP,161.32069396972656,0.05763806760079926
2023-03-01,PG,135.68930053710938,0.08091024389034307
2023-03-01,TSLA,207.4600067138672,0.008507121398494633
2023-03-01,UNH,440.2745361328125,-0.0035021642716250856
2023-03-01,V,219.5347900390625,0.025097863019773348
2023-03-01,WMT,47.27777099609375,0.041682744762266966
2023-04-01,AAPL,166.95895385742188,0.028987022816197694
2023-04-01,ACN,264.4209899902344,-0.01546219904406776
2023-04-01,AMZN,105.44999694824219,0.02091195675834423
2023-04-01,AVGO,60.00090789794922,-0.02344355880316673
2023-04-01,BRK-B,328.54998779296875,0.06406062597754936
2023-04-01,COST,481.6922302246094,0.012780115437274864
2023-04-01,GOOGL,106.32821655273438,0.034801902176293975
2023-04-01,JNJ,148.1213836669922,0.056129003479346906
2023-04-01,JPM,128.5282440185547,0.0691805801522376
2023-04-01,KO,57.93983840942383,0.0341771300353777
2023-04-01,MA,372.77191162109375,0.04737410278594023
2023-04-01,META,238.0401153564453,0.13390558014783172
2023-04-01,MSFT,298.9403381347656,0.0657648420481376
2023-04-01,NVDA,27.661231994628906,-0.001008053544630072
2023-04-01,PEP,168.9221649169922,0.047120247007442995
2023-04-01,PG,143.6003875732422,0.058302953916172795
2023-04-01,TSLA,164.30999755859375,-0.20799193945263272
2023-04-01,UNH,458.4411926269531,0.041262110349848946
2023-04-01,V,226.61370849609375,0.032245087240029946
2023-04-01,WMT,48.40641403198242,0.023872594077709808
2023-05-01,AAPL,174.64883422851562,0.04605850835445868
2023-05-01,ACN,288.59991455078125,0.09144101820903039
2023-05-01,AMZN,120.58000183105469,0.14348037288458837
2023-05-01,AVGO,77.37960815429688,0.28964062153702264
2023-05-01,BRK-B,321.0799865722656,-0.022736269968788525
2023-05-01,COST,490.6968078613281,0.018693632721706877
2023-05-01,GOOGL,121.71183013916016,0.1446804440549998
2023-05-01,JNJ,141.36219787597656,-0.04563274811293749
2023-05-01,JPM,126.17598724365234,-0.018301477569107383
2023-05-01,KO,53.88449478149414,-0.06999231857143207
2023-05-01,MA,358.04852294921875,-0.03949704420552125
2023-05-01,META,262.2086486816406,0.1015313460464633
2023-05-01,MSFT,320.1966552734375,0.0711055499277895
2023-05-01,NVDA,37.714332580566406,0.3634364726737245
2023-05-01,PEP,161.3649444580078,-0.04473788542017543
2023-05-01,PG,130.85467529296875,-0.0887582025067487
2023-05-01,TSLA,203.92999267578125,0.2411295460159617
2023-05-01,UNH,453.9228210449219,-0.009855945876373284
2023-05-01,V,215.64080810546875,-0.048421167737141335
2023-05-01,WMT,47.270687103271484,-0.023462323153302655
2023-06-01,AAPL,191.12347412109375,0.09433008794677789
2023-06-01,ACN,291.1092224121094,0.008694763008623818
2023-06-01,AMZN,130.36000061035156,0.08110796675057008
2023-06-01,AVGO,83.51773071289062,0.07932480798241026
2023-06-01,BRK-B,341.0,0.06204065734645514
2023-06-01,COST,516.4229125976562,0.05242769939436487
2023-06-01,GOOGL,118.57169342041016,-0.0257997658498742
2023-06-01,JNJ,150.898193359375,0.06745788921423523
2023-06-01,JPM,135.22242736816406,0.0716970029094568
2023-06-01,KO,54.80451965332031,0.017074018705324212
2023-06-01,MA,385.7884521484375,0.07747533482536673
2023-06-01,META,284.25750732421875,0.08408898315687763
2023-06-01,MSFT,332.0435791015625,0.03699889937328704
2023-06-01,NVDA,42.17255783081055,0.1182103711028255
2023-06-01,PEP,165.04965209960938,0.02283462281090687
2023-06-01,PG,139.339599609375,0.06484234741639505
2023-06-01,TSLA,261.7699890136719,0.28362672689273194
2023-06-01,UNH,449.61224365234375,-0.009496278205742725
2023-06-01,V,231.689697265625,0.07442417463167184
2023-06-01,WMT,50.58900451660156,0.07019820562541446
2023-07-01,AAPL,193.56707763671875,0.012785470371246888
2023-07-01,ACN,299.5224609375,0.028900625186928597
2023-07-01,AMZN,133.67999267578125,0.025467873963526566
2023-07-01,AVGO,86.5236587524414,0.0359914956248546
2023-07-01,BRK-B,351.9599914550781,0.03214073740492118
2023-07-01,COST,537.8038330078125,0.04140195930232493
2023-07-01,GOOGL,131.46897888183594,0.10877204406364438
2023-07-01,JNJ,152.73060607910156,0.012143370831236844
2023-07-01,JPM,147.8714599609375,0.09354241629115623
2023-07-01,KO,56.360740661621094,0.028395851622184498
2023-07-01,MA,387.3090515136719,0.003941536758724107
2023-07-01,META,315.5774841308594,0.11018170496696023
2023-07-01,MSFT,327.538818359375,-0.013566775645463158
2023-07-01,NVDA,46.58601379394531,0.10465231871495284
2023-07-01,PEP,167.0457000732422,0.012093621211804573
2023-07-01,PG,144.43124389648438,0.036541258202142934
2023-07-01,TSLA,267.42999267578125,0.021622049507798113
2023-07-01,UNH,473.68121337890625,0.05353272751436333
2023-07-01,V,231.93360900878906,0.0010527517884597604
2023-07-01,WMT,51.451568603515625,0.017050426177708244
2023-08-01,AAPL,185.36294555664062,-0.04238392282532366
2023-08-01,ACN,306.5477600097656,0.02345499916859839
2023-08-01,AMZN,138.00999450683594,0.0323907994336623
2023-08-01,AVGO,88.85753631591797,0.026973865843493483
2023-08-01,BRK-B,360.20001220703125,0.02341181086488575
2023-08-01,COST,527.8739624023438,-0.01846374085869429
2023-08-01,GOOGL,134.886474609375,0.02599469286675382
2023-08-01,JNJ,148.4675750732422,-0.02791209381865145
2023-08-01,JPM,136.98423767089844,-0.07362625819015445
2023-08-01,KO,54.44959259033203,-0.0339092078786406
2023-08-01,MA,405.3444519042969,0.04656591504933716
2023-08-01,META,293.0829772949219,-0.07128045556827423
2023-08-01,MSFT,320.2590026855469,-0.02222581039490934
2023-08-01,NVDA,49.2039794921875,0.05619638782192693
2023-08-01,PEP,159.65994262695312,-0.04421399319498043
2023-08-01,PG,142.6200714111328,-0.012540032450663152
2023-08-01,TSLA,258.0799865722656,-0.034962443852926794
2023-08-01,UNH,445.8143615722656,-0.05883039271888835
2023-08-01,V,240.1405029296875,0.035384668724692814
2023-08-01,WMT,52.52272415161133,0.02081871509788158
2023-09-01,AAPL,168.92526245117188,-0.0886783658735395
2023-09-01,ACN,290.77392578125,-0.051456367608144093
2023-09-01,AMZN,127.12000274658203,-0.07890726899285905
2023-09-01,AVGO,80.4052963256836,-0.0951212507196223
2023-09-01,BRK-B,350.29998779296875,-0.027484797552900342
2023-09-01,COST,542.9429931640625,0.02854664528846973
2023-09-01,GOOGL,129.6265411376953,-0.03899526240056472
2023-09-01,JNJ,143.022216796875,-0.03667708773232725
2023-09-01,JPM,135.75791931152344,-0.008952258889239562
2023-09-01,KO,51.35000228881836,-0.05692586765220409
2023-09-01,MA,388.9101867675781,-0.040543949866616025
2023-09-01,META,297.3619689941406,0.014599932547132877
2023-09-01,MSFT,308.52386474609375,-0.03664264810995965
2023-09-01,NVDA,43.369476318359375,-0.11857787183157642
2023-09-01,PEP,152.0502471923828,-0.04766189508379337
2023-09-01,PG,134.78402709960938,-0.05494348890721257
2023-09-01,TSLA,250.22000122070312,-0.030455617484936637
2023-09-01,UNH,473.4780578613281,0.06205205276810766
2023-09-01,V,224.82382202148438,-0.06378216386382685
2023-09-01,WMT,51.65708541870117,-0.01648122306854105
2023-10-01,AAPL,168.4911346435547,-0.0025699401103057573
2023-10-01,ACN,282.4535827636719,-0.0286144742697374
2023-10-01,AMZN,133.08999633789062,0.046963447626806376
2023-10-01,AVGO,81.44985961914062,0.01299122497137506
2023-10-01,BRK-B,341.3299865722656,-0.02560662727172147
2023-10-01,COST,530.9107055664062,-0.022161235616167896
2023-10-01,GOOGL,122.91041564941406,-0.05181134534128373
2023-10-01,JNJ,136.2177276611328,-0.04757644852761689
2023-10-01,JPM,131.1391143798828,-0.034022360942656094
2023-10-01,KO,51.81782531738281,0.009110477268008177
2023-10-01,MA,370.23193359375,-0.04802716362117476
2023-10-01,META,298.411865234375,0.0035307011309675396
2023-10-01,MSFT,330.3721618652344,0.07081558224716633
2023-10-01,NVDA,40.6585693359375,-0.06250725654425948
2023-10-01,PEP,146.5225067138672,-0.03635469577054751
2023-10-01,PG,139.51242065429688,0.03508126041665949
2023-10-01,TSLA,200.83999633789062,-0.1973463537763216
2023-10-01,UNH,502.9371643066406,0.062218525137949454
2023-10-01,V,229.79904174804688,0.02212941529873591
2023-10-01,WMT,52.781124114990234,0.02175962285092714
2023-11-01,AAPL,187.662109375,0.11378031711877168
2023-11-01,ACN,316.7275390625,0.12134367694498338
2023-11-01,AMZN,146.08999633789062,0.0976782655173829
2023-11-01,AVGO,89.61640930175781,0.100264748408456
2023-11-01,BRK-B,360.0,0.05469784127443367
2023-11-01,COST,570.685791015625,0.07491859748200858
2023-11-01,GOOGL,131.28076171875,0.06810119406976267
2023-11-01,JNJ,143.15859985351562,0.05095425031350942
2023-11-01,JPM,147.1896514892578,0.12239320957193534
2023-11-01,KO,54.03338623046875,0.042756732833068245
2023-11-01,MA,407.10260009765625,0.09958802350194862
2023-11-01,META,324.04638671875,0.08590315758470735
2023-11-01,MSFT,370.9898376464844,0.12294521291360727
2023-11-01,NVDA,46.6307373046875,0.14688583652330567
2023-11-01,PEP,152.1698455810547,0.038542466914081475
2023-11-01,PG,142.75775146484375,0.023261948974339752
2023-11-01,TSLA,240.0800018310547,0.19537943740621855
2023-11-01,UNH,519.28662109375,0.03250795118640526
2023-11-01,V,251.42660522460938,0.09411511602504885
2023-11-01,WMT,50.287574768066406,-0.04724320273079674
2023-12-01,AAPL,190.21102905273438,0.013582495082376633
2023-12-01,ACN,333.6221008300781,0.05334099402150283
2023-12-01,AMZN,151.94000244140625,0.04004385139407618
2023-12-01,AVGO,108.55681610107422,0.21134976224655433
2023-12-01,BRK-B,356.6600036621094,-0.009277767605251785
2023-12-01,COST,649.9721069335938,0.13893164534001512
2023-12-01,GOOGL,138.373291015625,0.054025656189211624
2023-12-01,JNJ,145.08389282226562,0.013448671408633706
2023-12-01,JPM,160.4110870361328,0.08982584993646725
2023-12-01,KO,54.486446380615234,0.008384818752873446
2023-12-01,MA,419.5765380859375,0.030640772093543545
2023-12-01,META,350.6020202636719,0.08195009922443708
2023-12-01,MSFT,368.1798400878906,-0.007574324882913319
2023-12-01,NVDA,49.37887954711914,0.058934136607687426
2023-12-01,PEP,153.57135009765625,0.009210133001383847
2023-12-01,PG,136.26705932617188,-0.045466477806427985
2023-12-01,TSLA,248.47999572753906,0.03498831153123483
2023-12-01,UNH,496.0875244140625,-0.04467493622466967
2023-12-01,V,255.02149963378906,0.014297987303166337
2023-12-01,WMT,51.10976791381836,0.016349826961113756
2024-01-01,AAPL,182.17893981933594,-0.042227252927439896
2024-01-01,ACN,347.2164001464844,0.040747598203423996
2024-01-01,AMZN,155.1999969482422,0.021455801332457725
2024-01-01,AVGO,114.756591796875,0.057110883668772594
2024-01-01,BRK-B,383.739990234375,0.07592661440647697
2024-01-01,COST,684.2391357421875,0.05272076823458938
2024-01-01,GOOGL,138.77940368652344,0.0029349064976171846
2024-01-01,JNJ,147.08326721191406,0.013780815711208927
2024-01-01,JPM,165.4423065185547,0.03136453704904185
2024-01-01,KO,55.00422286987305,0.009502849307530203
2024-01-01,MA,442.6237487792969,0.054929693634678145
2024-01-01,META,386.43878173828125,0.1022149314703269
2024-01-01,MSFT,389.2696228027344,0.05728119907328244
2024-01-01,NVDA,61.34918212890625,0.2424174604926912
2024-01-01,PEP,152.3868408203125,-0.0077130876077505794
2024-01-01,PG,147.04678344726562,0.07910733653752056
2024-01-01,TSLA,187.2899932861328,-0.24625725810339172
2024-01-01,UNH,482.20758056640625,-0.027978820600356946
2024-01-01,V,267.6672668457031,0.04958706316947148
2024-01-01,WMT,53.573673248291016,0.048208110407139904
2024-02-01,AAPL,178.80079650878906,-0.018542995770515103
2024-02-01,ACN,357.6172180175781,0.029954857739167284
2024-02-01,AMZN,176.75999450683594,0.1389175127740745
2024-02-01,AVGO,126.4743881225586,0.10211000642494406
2024-02-01,BRK-B,409.3999938964844,0.06686820324990661
2024-02-01,COST,733.5755004882812,0.07210397968917559
2024-02-01,GOOGL,137.15489196777344,-0.011705711911109473
2024-02-01,JNJ,150.51304626464844,0.02331862160630971
2024-02-01,JPM,176.54393005371094,0.06710268835566069
2024-02-01,KO,55.494258880615234,0.008909061616987124
2024-02-01,MA,467.77825927734375,0.05683045830102884
2024-02-01,META,485.9953308105469,0.25762566744579773
2024-02-01,MSFT,405.7428894042969,0.042318397420675335
2024-02-01,NVDA,78.88336181640625,0.28580951007068633
2024-02-01,PEP,150.64329528808594,-0.011441575419773087
2024-02-01,PG,148.73121643066406,0.011455082143993378
2024-02-01,TSLA,201.8800048828125,0.07790064669600238
2024-02-01,UNH,465.114501953125,-0.03544755267680266
2024-02-01,V,277.3715515136719,0.03625502954592785
2024-02-01,WMT,57.003684997558594,0.06402420333156811
2024-03-01,AAPL,169.6307373046875,-0.05128645611850391
2024-03-01,ACN,330.73724365234375,-0.0751640944869526
2024-03-01,AMZN,180.3800048828125,0.020479805886374214
2024-03-01,AVGO,129.4468536376953,0.023502509553604556
2024-03-01,BRK-B,420.5199890136719,0.02716168852703782
2024-03-01,COST,722.4715576171875,-0.015136741703754786
2024-03-01,GOOGL,149.50732421875,0.09006191520954965
2024-03-01,JNJ,147.53781127929688,-0.019767289674811228
2024-03-01,JPM,190.05563354492188,0.07653451176203108
2024-03-01,KO,57.019248962402344,0.027480141415489934
2024-03-01,MA,474.4881591796875,0.014344189301806587
2024-03-01,META,481.48370361328125,-0.00928327272145002
2024-03-01,MSFT,412.6876525878906,0.017116167319136233
2024-03-01,NVDA,90.09909057617188,0.1421811710544132
2024-03-01,PEP,159.4537811279297,0.0584857482239407
2024-03-01,PG,151.82861328125,0.02082546572884314
2024-03-01,TSLA,175.7899932861328,-0.12923524353897475
2024-03-01,UNH,467.98858642578125,0.006179305226105214
2024-03-01,V,273.8778381347656,-0.012595788428338639
2024-03-01,WMT,58.72024154663086,0.030113080393763703
2024-04-01,AAPL,168.49313354492188,-0.006706353918171537
2024-04-01,ACN,288.2417907714844,-0.12848705035931396
2024-04-01,AMZN,175.0,-0.029825949313549094
2024-04-01,AVGO,126.99153900146484,-0.018967742878498783
2024-04-01,BRK-B,396.7300109863281,-0.056572763837322126
2024-04-01,COST,714.020751953125,-0.011697077310467985
2024-04-01,GOOGL,161.24562072753906,0.07851318703031773
2024-04-01,JNJ,134.8536376953125,-0.08597235836698547
2024-04-01,JPM,182.9946746826172,-0.0371520629544283
2024-04-01,KO,57.56911849975586,0.00964357734203225
2024-04-01,MA,445.1805419921875,-0.061766804124613106
2024-04-01,META,426.5411376953125,-0.11411095641587399
2024-04-01,MSFT,381.89697265625,-0.0746101312664863
2024-04-01,NVDA,86.15634155273438,-0.04376014228583369
2024-04-01,PEP,160.27377319335938,0.005142506246194278
2024-04-01,PG,153.70367431640625,0.012349852867870492
2024-04-01,TSLA,183.27999877929688,0.042607689739043275
2024-04-01,UNH,457.5825500488281,-0.02223566274645339
2024-04-01,V,263.60308837890625,-0.03751581298375639
2024-04-01,WMT,57.920005798339844,-0.013627936929645146
2024-05-01,AAPL,190.43470764160156,0.1302223635767914
2024-05-01,ACN,270.40570068359375,-0.06187891783544641
2024-05-01,AMZN,176.44000244140625,0.00822858537946436
2024-05-01,AVGO,129.75352478027344,0.021749368505383115
2024-05-01,BRK-B,414.3999938964844,0.04453906289122456
2024-05-01,COST,799.942138671875,0.12033457918936041
2024-05-01,GOOGL,170.87399291992188,0.05971245698915517
2024-05-01,JNJ,137.89932250976562,0.022585114250566418
2024-05-01,JPM,193.3879852294922,0.05679569946448426
2024-05-01,KO,58.65023422241211,0.01877943853979347
2024-05-01,MA,441.1056213378906,-0.00915341141385373
2024-05-01,META,462.891845703125,0.08522204494558872
2024-05-01,MSFT,407.93890380859375,0.06819098609557295
2024-05-01,NVDA,109.3212890625,0.2688710673211081
2024-05-01,PEP,157.5313262939453,-0.017111014764127908
2024-05-01,PG,154.96571350097656,0.008210858915268071
2024-05-01,TSLA,178.0800018310547,-0.02837187354253501
2024-05-01,UNH,468.62237548828125,0.024126412683951992
2024-05-01,V,267.87615966796875,0.016210247441867276
2024-05-01,WMT,64.39769744873047,0.11183858774020172
2024-06-01,AAPL,208.6312713623047,0.09555276948227887
2024-06-01,ACN,290.6365661621094,0.07481671217497032
2024-06-01,AMZN,193.25,0.09527316552932019
2024-06-01,AVGO,157.3028106689453,0.21232013492754231
2024-06-01,BRK-B,406.79998779296875,-0.01833978333844788
2024-06-01,COST,839.5496826171875,0.04951301104236361
2024-06-01,GOOGL,180.64013671875,0.05715406793007349
2024-06-01,JNJ,137.41983032226562,-0.003477117789799422
2024-06-01,JPM,193.03485107421875,-0.0018260397865688116
2024-06-01,KO,59.781558990478516,0.01928934782726044
2024-06-01,MA,435.2745056152344,-0.013219318549988701
2024-06-01,META,500.462890625,0.08116592519534493
2024-06-01,MSFT,439.20770263671875,0.07665069091521715
2024-06-01,NVDA,123.19886779785156,0.12694305797489847
2024-06-01,PEP,151.4546356201172,-0.038574490653937255
2024-06-01,PG,155.3236083984375,0.002309510209551391
2024-06-01,TSLA,197.8800048828125,0.11118599982126098
2024-06-01,UNH,483.80615234375,0.03240087893722099
2024-06-01,V,258.05426025390625,-0.0366658213490767
2024-06-01,WMT,66.30730438232422,0.02965334180021051
2024-07-01,AAPL,219.9830322265625,0.054410639354943946
2024-07-01,ACN,318.0899658203125,0.09445955139344142
2024-07-01,AMZN,186.97999572753906,-0.032445041513381345
2024-07-01,AVGO,157.42724609375,0.0007910565887254695
2024-07-01,BRK-B,438.5,0.07792530274893772
2024-07-01,COST,813.0593872070312,-0.03155298126916828
2024-07-01,GOOGL,170.1180877685547,-0.05824867685179924
2024-07-01,JNJ,148.41078186035156,0.07998082600095535
2024-07-01,JPM,204.219482421875,0.0579409950349119
2024-07-01,KO,62.68375778198242,0.04854672311182351
2024-07-01,MA,458.2013244628906,0.052672092097952206
2024-07-01,META,471.2918395996094,-0.05828813998368698
2024-07-01,MSFT,411.1031188964844,-0.06398927790089437
2024-07-01,NVDA,116.69686126708984,-0.052776512049042545
2024-07-01,PEP,158.56228637695312,0.04692923876337174
2024-07-01,PG,152.31626892089844,-0.01936176675618173
2024-07-01,TSLA,232.07000732421875,0.17278149180183244
2024-07-01,UNH,547.3622436523438,0.13136685220041677
2024-07-01,V,261.2003479003906,0.012191574141767081
2024-07-01,WMT,67.21802520751953,0.013734849179573683
2024-08-01,AAPL,227.10023498535156,0.03235341692835192
2024-08-01,ACN,328.9906005859375,0.03426903057917485
2024-08-01,AMZN,178.5,-0.0453524222981363
2024-08-01,AVGO,159.52392578125,0.013318404148741747
2024-08-01,BRK-B,475.9200134277344,0.08533640462425174
2024-08-01,COST,882.673828125,0.08562036428495556
2024-08-01,GOOGL,162.02574157714844,-0.04756899338308973
2024-08-01,JNJ,157.12539672851562,0.05871955365321213
2024-08-01,JPM,215.73565673828125,0.05639116395670918
2024-08-01,KO,68.06551361083984,0.0858556669109638
2024-08-01,MA,477.5981140136719,0.042332460678760286
2024-08-01,META,517.425537109375,0.09788774944407908
2024-08-01,MSFT,410.6529541015625,-0.0010950167348042772
2024-08-01,NVDA,119.04036712646484,0.020081995641779038
2024-08-01,PEP,158.75509643554688,0.0012159893944476696
2024-08-01,PG,162.53005981445312,0.06705646721729352
2024-08-01,TSLA,214.11000061035156,-0.07739046902676983
2024-08-01,UNH,560.70068359375,0.02436857875399623
2024-08-01,V,272.26519775390625,0.04236154332281061
2024-08-01,WMT,75.84565734863281,0.12835295464985075
2024-09-01,AAPL,231.06707763671875,0.01746736480313671
2024-09-01,ACN,340.0836486816406,0.033718434739309355
2024-09-01,AMZN,186.3300018310547,0.043865556476496925
2024-09-01,AVGO,169.56382751464844,0.06293665156639783
2024-09-01,BRK-B,460.260009765625,-0.03290469663026108
2024-09-01,COST,876.8775634765625,-0.006566711806500591
2024-09-01,GOOGL,164.69351196289062,0.016465102148425892
2024-09-01,JNJ,153.5255126953125,-0.022910898608091146
2024-09-01,JPM,202.3577117919922,-0.06201081985496004
2024-09-01,KO,67.95528411865234,-0.00161946169711924
2024-09-01,MA,487.9338684082031,0.02164111224743115
2024-09-01,META,568.7166137695312,0.09912745502801523
2024-09-01,MSFT,423.6082458496094,0.03154803007905005
2024-09-01,NVDA,121.11502838134766,0.017428216200633395
2024-09-01,PEP,157.3454132080078,-0.008879609279890954
2024-09-01,PG,164.10289001464844,0.009677164962536011
2024-09-01,TSLA,261.6300048828125,0.22194201175563166
2024-09-01,UNH,557.4260864257812,-0.005840187579192135
2024-09-01,V,270.8663330078125,-0.00513787570954316
2024-09-01,WMT,79.30256652832031,0.045578208437135004
2024-10-01,AAPL,224.035888671875,-0.030429211451309057
2024-10-01,ACN,333.1021728515625,-0.020528701856564746
2024-10-01,AMZN,186.39999389648438,0.00037563497419568215
2024-10-01,AVGO,166.8802947998047,-0.015826091886324778
2024-10-01,BRK-B,450.9200134277344,-0.020292869551379766
2024-10-01,COST,864.671875,-0.013919490000599999
2024-10-01,GOOGL,169.9168243408203,0.03171535002002157
2024-10-01,JNJ,151.44139099121094,-0.013575083824912682
2024-10-01,JPM,214.27682495117188,0.05890120546249111
2024-10-01,KO,61.761199951171875,-0.09114941167290802
2024-10-01,MA,494.31146240234375,0.013070611423114276
2024-10-01,META,563.88818359375,-0.008490045936547785
2024-10-01,MSFT,400.0307922363281,-0.055658627621832935
2024-10-01,NVDA,132.4047088623047,0.09321453028446558
2024-10-01,PEP,153.6719970703125,-0.023346191431962038
2024-10-01,PG,157.4242706298828,-0.04069775604908277
2024-10-01,TSLA,249.85000610351562,-0.045025412068364634
2024-10-01,UNH,538.1868286132812,-0.03451445542468634
2024-10-01,V,285.5450744628906,0.05419182698742686
2024-10-01,WMT,80.48104858398438,0.014860579010935293
2024-11-01,AAPL,235.62010192871094,0.051706953406033485
2024-11-01,ACN,350.0558166503906,0.05089622698553531
2024-11-01,AMZN,207.88999938964844,0.1152897328156477
2024-11-01,AVGO,159.32118225097656,-0.045296615504522575
2024-11-01,BRK-B,483.0199890136719,0.07118773758105079
2024-11-01,COST,962.5864868164062,0.11323903858490403
2024-11-01,GOOGL,167.77186584472656,-0.012623579238930316
2024-11-01,JNJ,148.02503967285156,-0.022558900813038907
2024-11-01,JPM,241.119384765625,0.12527047579956374
2024-11-01,KO,61.057647705078125,-0.011391492500954836
2024-11-01,MA,527.3090209960938,0.06675458916809762
2024-11-01,META,570.5843505859375,0.011874990799615182
2024-11-01,MSFT,417.70904541015625,0.044192230990518944
2024-11-01,NVDA,137.8800048828125,0.041352728823276896
2024-11-01,PEP,151.23849487304688,-0.015835690585527917
2024-11-01,PG,170.84317016601562,0.08524034751719922
2024-11-01,TSLA,345.1600036621094,0.3814688622385134
2024-11-01,UNH,581.7566528320312,0.08095668994912808
2024-11-01,V,310.99041748046875,0.08911147588674306
2024-11-01,WMT,90.8419418334961,0.1287370558883787
2024-12-01,AAPL,248.6157989501953,0.05515529835996902
2024-12-01,ACN,339.8353576660156,-0.029196655213938105
2024-12-01,AMZN,219.38999938964844,0.05531771626226978
2024-12-01,AVGO,228.50439453125,0.4342373769941654
2024-12-01,BRK-B,453.2799987792969,-0.06157093062567476
2024-12-01,COST,907.50830078125,-0.057218947896638506
2024-12-01,GOOGL,188.19540405273438,0.1217339874309431
2024-12-01,JNJ,138.10324096679688,-0.06702784020854002
2024-12-01,JPM,231.45416259765625,-0.040084799392481996
2024-12-01,KO,59.323486328125,-0.028402033850526087
2024-12-01,MA,521.0064086914062,-0.011952407513874497
2024-12-01,META,582.1707763671875,0.020306245289328118
2024-12-01,MSFT,415.7757263183594,-0.004628386943113738
2024-12-01,NVDA,133.9398651123047,-0.028576585661253984
2024-12-01,PEP,141.89747619628906,-0.061763499329974714
2024-12-01,PG,159.77830505371094,-0.06476621278774264
2024-12-01,TSLA,403.8399963378906,0.17000808915631316
2024-12-01,UNH,484.1300048828125,-0.16781354793961623
2024-12-01,V,311.93792724609375,0.0030467490712460243
2024-12-01,WMT,88.92706298828125,-0.021079237261623307
2025-01-01,AAPL,234.29966735839844,-0.05758335412410698
2025-01-01,ACN,373.4488525390625,0.09891111714773837
2025-01-01,AMZN,237.67999267578125,0.08336748865953902
2025-01-01,AVGO,218.0864715576172,-0.045591783891088644
2025-01-01,BRK-B,468.6700134277344,0.033952556234299935
2025-01-01,COST,970.510009765625,0.06942273578119185
2025-01-01,GOOGL,202.82952880859375,0.07776026640777434
2025-01-01,JNJ,145.2939453125,0.052067600263138836
2025-01-01,JPM,259.4268493652344,0.12085627000022425
2025-01-01,KO,60.48594665527344,0.019595280033252616
2025-01-01,MA,550.3714599609375,0.0563621690245355
2025-01-01,META,685.2495727539062,0.17705937943148276
2025-01-01,MSFT,409.4231872558594,-0.015278763670863893
2025-01-01,NVDA,119.75694274902344,-0.10589022432857675
2025-01-01,PEP,140.6190185546875,-0.0090097278392256
2025-01-01,PG,159.160888671875,-0.003864206605698972
2025-01-01,TSLA,404.6000061035156,0.0018819576379678349
2025-01-01,UNH,519.1865234375,0.07241137339375037
2025-01-01,V,337.3636169433594,0.08150881145403921
2025-01-01,WMT,96.61408233642578,0.08644184447154757
2025-02-01,AAPL,240.36158752441406,0.02587250863119217
2025-02-01,ACN,338.08782958984375,-0.09468772687022786
2025-02-01,AMZN,212.27999877929688,-0.10686635257151178
2025-02-01,AVGO,196.56069946289062,-0.09870292247375634
2025-02-01,BRK-B,513.8300170898438,0.09635778344729262
2025-02-01,COST,1039.7303466796875,0.07132367128369865
2025-02-01,GOOGL,169.286376953125,-0.1653760774010512
2025-02-01,JNJ,158.8454132080078,0.09326932286380663
2025-02-01,JPM,256.8549499511719,-0.009913775001914482
2025-02-01,KO,67.85135650634766,0.12177059727694739
2025-02-01,MA,571.0612182617188,0.03759235317588905
2025-02-01,META,664.3890991210938,-0.03044215489106783
2025-02-01,MSFT,392.3837585449219,-0.041618133123195844
2025-02-01,NVDA,124.59429168701172,0.0403930563602144
2025-02-01,PEP,143.21324157714844,0.01844859286549516
2025-02-01,PG,166.6879119873047,0.047291915609665613
2025-02-01,TSLA,292.9800109863281,-0.2758773935575025
2025-02-01,UNH,454.55731201171875,-0.12448168145404748
2025-02-01,V,358.6046447753906,0.0629618215042953
2025-02-01,WMT,97.0569839477539,0.004584234519620756
2025-03-01,AAPL,220.7720947265625,-0.08150009741411701
2025-03-01,ACN,302.7171630859375,-0.10461975678573432
2025-03-01,AMZN,190.25999450683594,-0.1037309421475675
2025-03-01,AVGO,165.52044677734375,-0.1579168815046218
2025-03-01,BRK-B,532.5800170898438,0.03649066690613667
2025-03-01,COST,937.7711181640625,-0.09806314573891706
2025-03-01,GOOGL,153.9147186279297,-0.0908026895126457
2025-03-01,JNJ,159.6347198486328,0.004969023811794981
2025-03-01,JPM,238.07489013671875,-0.07311542883648225
2025-03-01,KO,68.74561309814453,0.013179642056429852
2025-03-01,MA,543.1280517578125,-0.04891448694228162
2025-03-01,META,573.582763671875,-0.1366764379026455
2025-03-01,MSFT,371.0343933105469,-0.05440940092307833
2025-03-01,NVDA,108.10736083984375,-0.13232492936822593
2025-03-01,PEP,141.15626525878906,-0.01436303162826802
2025-03-01,PG,163.40863037109375,-0.019673181918918647
2025-03-01,TSLA,259.1600036621094,-0.11543452131892018
2025-03-01,UNH,503.39361572265625,0.10743706551502674
2025-03-01,V,346.4932556152344,-0.033773653901616685
2025-03-01,WMT,86.6446762084961,-0.1072803554751175
2025-04-01,AAPL,211.20095825195312,-0.04335301744753439
2025-04-01,ACN,291.6513671875,-0.03655490090364011
2025-04-01,AMZN,184.4199981689453,-0.030694820280155133
2025-04-01,AVGO,190.27487182617188,0.14955508839416987
2025-04-01,BRK-B,533.25,0.0012579948339352942
2025-04-01,COST,986.0784912109375,0.0515129674087742
2025-04-01,GOOGL,158.05520629882812,0.026901180782505696
2025-04-01,JNJ,150.4613037109375,-0.05746504360952076
2025-04-01,JPM,238.87725830078125,0.003370234314092224
2025-04-01,KO,69.63829040527344,0.012985225775126619
2025-04-01,MA,543.929931640625,0.0014764103607192158
2025-04-01,META,546.3546752929688,-0.047470199774835686
2025-04-01,MSFT,390.6738586425781,0.052931657242873076
2025-04-01,NVDA,108.64599609375,0.004982410538207693
2025-04-01,PEP,127.6374740600586,-0.09577181128974877
2025-04-01,PG,156.853271484375,-0.04011635659531454
2025-04-01,TSLA,282.1600036621094,0.08874826236685496
2025-04-01,UNH,395.4487609863281,-0.2144342942875146
2025-04-01,V,341.5893859863281,-0.014152857377263905
2025-04-01,WMT,95.98125457763672,0.10775709227274044
2025-05-01,AAPL,199.88394165039062,-0.053584115788252284
2025-05-01,ACN,308.87847900390625,0.059067481776387876
2025-05-01,AMZN,205.00999450683594,0.1116473080052216
2025-05-01,AVGO,239.30918884277344,0.2577025360521463
2025-05-01,BRK-B,503.9599914550781,-0.054927348419919086
2025-05-01,COST,1032.7154541015625,0.04729538602282379
2025-05-01,GOOGL,170.9345245361328,0.08148620054283007
2025-05-01,JNJ,150.68328857421875,0.0014753618226499565
2025-05-01,JPM,257.80230712890625,0.07922499179179132
2025-05-01,KO,69.20635986328125,-0.006202486297100074
2025-05-01,MA,581.1869506835938,0.06849598978786209
2025-05-01,META,644.3700561523438,0.17939881416191183
2025-05-01,MSFT,455.85382080078125,0.166839835111249
2025-05-01,NVDA,134.79010009765625,0.24063568786599965
2025-05-01,PEP,123.74942779541016,-0.030461635920646324
2025-05-01,PG,163.9158477783203,0.04502664322591987
2025-05-01,TSLA,346.4599914550781,0.2278848417863253
2025-05-01,UNH,290.1758117675781,-0.26621135177204314
2025-05-01,V,361.6561584472656,0.058745304403986065
2025-05-01,WMT,97.66764068603516,0.017569952756080864
2025-06-01,AAPL,204.1831512451172,0.021508529195637616
2025-06-01,ACN,291.39788818359375,-0.05659374805485051
2025-06-01,AMZN,219.38999938964844,0.07014294555445688
2025-06-01,AVGO,273.1475830078125,0.14140031282823395
2025-06-01,BRK-B,485.7699890136719,-0.03609413991155619
2025-06-01,COST,982.8359985351562,-0.04829932133609849
2025-06-01,GOOGL,175.6157989501953,0.02738635993381755
2025-06-01,JNJ,148.29501342773438,-0.015849635145890995
2025-06-01,JPM,283.1040344238281,0.09814391336021089
2025-06-01,KO,68.39337921142578,-0.01174719568348237
2025-06-01,MA,557.705322265625,-0.04040288308323092
2025-06-01,META,735.0987548828125,0.14080216463227213
2025-06-01,MSFT,492.5411682128906,0.08048050874655854
2025-06-01,NVDA,157.60350036621094,0.16925130445059566
2025-06-01,PEP,125.66879272460938,0.015510091346623733
2025-06-01,PG,153.71754455566406,-0.06221670058680617
2025-06-01,TSLA,317.6600036621094,-0.08312644606383923
2025-06-01,UNH,301.973388671875,0.040656651677591915
2025-06-01,V,351.6142883300781,-0.027766346245287954
2025-06-01,WMT,96.73766326904297,-0.009521858114518333
2025-07-01,AAPL,206.57162475585938,0.01169770128522929
2025-07-01,ACN,261.7071228027344,-0.10189080492633107
2025-07-01,AMZN,234.11000061035156,0.06709513314943583
2025-07-01,AVGO,291.0337219238281,0.06548159320708336
2025-07-01,BRK-B,471.8800048828125,-0.028593746927557562
2025-07-01,COST,932.8970336914062,-0.05081108640523979
2025-07-01,GOOGL,191.23118591308594,0.08891789381272663
2025-07-01,JNJ,159.9353485107422,0.0784944470751221
2025-07-01,JPM,290.6790771484375,0.02675709917036695
2025-07-01,KO,65.6286392211914,-0.04042408815168619
2025-07-01,MA,562.9618530273438,0.009425283481901525
2025-07-01,META,770.305419921875,0.04789378951495449
2025-07-01,MSFT,528.27783203125,0.0725556889955501
2025-07-01,NVDA,177.43487548828125,0.12583080373208522
2025-07-01,PEP,131.26507568359375,0.044532002238997226
2025-07-01,PG,146.1715545654297,-0.049089972208747
2025-07-01,TSLA,308.2699890136719,-0.02955995259140498
2025-07-01,UNH,241.56321716308594,-0.20005130840993046
2025-07-01,V,342.1269836425781,-0.026982136398830847
2025-07-01,WMT,96.935546875,0.0020455694221874765
2025-08-01,AAPL,231.28562927246094,0.11963891239084878
2025-08-01,ACN,254.72108459472656,-0.026694108028819885
2025-08-01,AMZN,229.0,-0.021827348669553603
2025-08-01,AVGO,294.69024658203125,0.012563920888728264
2025-08-01,BRK-B,502.9800109863281,0.06590659867276871
2025-08-01,COST,937.8480834960938,0.00530717713303952
2025-08-01,GOOGL,212.16798400878906,0.10948422453029627
2025-08-01,JNJ,173.2653350830078,0.08334609388349379
2025-08-01,JPM,295.7618713378906,0.01748593066730275
2025-08-01,KO,66.6919937133789,0.01620259851196404
2025-08-01,MA,591.6033935546875,0.05087652098152473
2025-08-01,META,735.7061767578125,-0.04491626602805365
2025-08-01,MSFT,502.55511474609375,-0.04869164618596877
2025-08-01,NVDA,173.75389099121094,-0.020745552343870655
2025-08-01,PEP,141.47732543945312,0.0777986810480753
2025-08-01,PG,152.5538787841797,0.04366324376671482
2025-08-01,TSLA,333.8699951171875,0.08304410748975077
2025-08-01,UNH,299.940673828125,0.2416653385835097
2025-08-01,V,348.9889221191406,0.02005670059550524
2025-08-01,WMT,96.1702880859375,-0.00789451149483189
2025-09-01,AAPL,253.69287109375,0.09688125410892989
2025-09-01,ACN,241.62103271484375,-0.05142900479057566
2025-09-01,AMZN,219.57000732421875,-0.04117900731782209
2025-09-01,AVGO,327.4751281738281,0.1112520077337229
2025-09-01,BRK-B,502.739990234375,-0.0004771973969351917
2025-09-01,COST,920.2606811523438,-0.018752933074392963
2025-09-01,GOOGL,242.4694366455078,0.14281821443646048
2025-09-01,JNJ,181.33352661132812,0.04656552636137512
2025-09-01,JPM,309.50885009765625,0.04647988835606376
2025-09-01,KO,64.60261535644531,-0.03132877337440354
2025-09-01,MA,565.287353515625,-0.04448257113763476
2025-09-01,META,731.8972778320312,-0.0051772012334688755
2025-09-01,MSFT,513.7232666015625,0.02222274040750971
2025-09-01,NVDA,186.13406372070312,0.07125119707459349
2025-09-01,PEP,134.97103881835938,-0.04598819352065142
2025-09-01,PG,149.26072692871094,-0.021586811700328057
2025-09-01,TSLA,444.7200012207031,0.33201547825406585
2025-09-01,UNH,336.343994140625,0.12136840211728073
2025-09-01,V,338.6714782714844,-0.02956381476238945
2025-09-01,WMT,102.19952392578125,0.0626933324194272
2025-10-01,AAPL,269.37493896484375,0.06181516967143552
2025-10-01,ACN,245.0503692626953,0.0141930382025095
2025-10-01,AMZN,244.22000122070312,0.11226484981660545
2025-10-01,AVGO,366.9019470214844,0.1203963765661249
2025-10-01,BRK-B,477.5400085449219,-0.05012527783537768
2025-10-01,COST,907.4449462890625,-0.013926200614410078
2025-10-01,GOOGL,280.46063232421875,0.15668447208979308
2025-10-01,JNJ,184.7074737548828,0.01860630632738114
2025-10-01,JPM,306.7639465332031,-0.008868578599891541
2025-10-01,KO,67.11580657958984,0.03890231392766341
2025-10-01,MA,549.2957763671875,-0.02828928871127745
2025-10-01,META,646.1581420898438,-0.11714640611337868
2025-10-01,MSFT,513.5843505859375,-0.0002704102084843951
2025-10-01,NVDA,202.0060272216797,0.08527167560685012
2025-10-01,PEP,140.4010009765625,0.04023057246755446
2025-10-01,PG,147.09591674804688,-0.014503548423008827
2025-10-01,TSLA,456.55999755859375,0.026623485126352042
2025-10-01,UNH,332.7010192871094,-0.010831098271350426
2025-10-01,V,338.0365295410156,-0.0018748219770657881
2025-10-01,WMT,100.33522033691406,-0.018241803065746853
2025-11-01,AAPL,278.0930480957031,0.03236421756367314
2025-11-01,ACN,244.952392578125,-0.00039982263591398226
2025-11-01,AMZN,233.22000122070312,-0.04504135592915348
2025-11-01,AVGO,399.9859619140625,0.09017127099257616
2025-11-01,BRK-B,513.8099975585938,0.07595172836761388
2025-11-01,COST,909.5755615234375,0.0023479278198506037
2025-11-01,GOOGL,319.3494873046875,0.13866065500241898
2025-11-01,JNJ,203.64450073242188,0.10252442195527811
2025-11-01,JPM,308.6965026855469,0.006299815132071229
2025-11-01,KO,71.22652435302734,0.061248131892190916
2025-11-01,MA,547.8429565429688,-0.002644877107606969
2025-11-01,META,645.759521484375,-0.0006169087402961848
2025-11-01,MSFT,488.9082946777344,-0.04804674418145871
2025-11-01,NVDA,176.57696533203125,-0.12588268894443833
2025-11-01,PEP,142.9478302001953,0.018139679958962374
2025-11-01,PG,144.9340362548828,-0.014697080251840244
2025-11-01,TSLA,430.1700134277344,-0.05780178787448975
2025-11-01,UNH,321.2168273925781,-0.034518054435597634
2025-11-01,V,332.4437255859375,-0.016544969156653044
2025-11-01,WMT,109.58732604980469,0.0922119439397564
2025-12-01,AAPL,271.12200927734375,-0.02506728904622013
2025-12-01,ACN,262.8829040527344,0.07319998504970981
2025-12-01,AMZN,230.82000732421875,-0.010290686407351424
2025-12-01,AVGO,344.2030029296875,-0.139462291920035
2025-12-01,BRK-B,502.6499938964844,-0.02172009831481858
2025-12-01,COST,858.5507202148438,-0.05609741891386444
2025-12-01,GOOGL,312.3923034667969,-0.02178548616629794
2025-12-01,JNJ,203.6740264892578,0.00014498676237151287
2025-12-01,JPM,317.70855712890625,0.029193898748310465
2025-12-01,KO,68.57797241210938,-0.03718491060704687
2025-12-01,MA,568.0935668945312,0.03696426158209487
2025-12-01,META,658.39501953125,0.019566878422218936
2025-12-01,MSFT,480.5711669921875,-0.0170525388427748
2025-12-01,NVDA,186.06460571289062,0.05373090631056576
2025-12-01,PEP,139.2801971435547,-0.025657143948979
2025-12-01,PG,140.1896514892578,-0.03273478672243324
2025-12-01,TSLA,449.7200012207031,0.045447119005781245
2025-12-01,UNH,323.70989990234375,0.007761338439217891
2025-12-01,V,348.6165771484375,0.04864838863779153
2025-12-01,WMT,110.70502471923828,0.010199159973349747
2026-01-01,AAPL,258.775634765625,-0.04553807543927224
2026-01-01,ACN,258.3170166015625,-0.017368521804886794
2026-01-01,AMZN,239.3000030517578,0.036738564502459825
2026-01-01,AVGO,329.48406982421875,-0.04276236110721987
2026-01-01,BRK-B,480.5299987792969,-0.04400675497022466
2026-01-01,COST,937.3972778320312,0.09183680796104499
2026-01-01,GOOGL,337.3437805175781,0.07987225284963939
2026-01-01,JNJ,223.6526641845703,0.09809123941665776
2026-01-01,JPM,302.9676818847656,-0.04639747628251545
2026-01-01,KO,73.38460540771484,0.0700900424223787
2026-01-01,MA,536.9655151367188,-0.05479388180361411
2026-01-01,META,714.66015625,0.08545802299477967
2026-01-01,MSFT,427.577392578125,-0.11027248002775836
2026-01-01,NVDA,190.68380737304688,0.024825794473151808
2026-01-01,PEP,149.09152221679688,0.07044307284494833
2026-01-01,PG,149.51954650878906,0.06655195244740408
2026-01-01,TSLA,430.4100036621094,-0.04293782243658151
2026-01-01,UNH,281.3670654296875,-0.1308048795709682
2026-01-01,V,319.90899658203125,-0.08234714711854574
2026-01-01,WMT,118.38610076904297,0.06938326484533874
2026-02-01,AAPL,263.70941162109375,0.01906584775625153
2026-02-01,ACN,204.505859375,-0.20831441123974725
2026-02-01,AMZN,210.0,-0.12244046250772744
2026-02-01,AVGO,317.7984924316406,-0.03546628945919128
2026-02-01,BRK-B,504.95001220703125,0.050818915551098076
2026-02-01,COST,1007.7232666015625,0.07502260827146623
2026-02-01,GOOGL,311.15472412109375,-0.07763313838572383
2026-02-01,JNJ,245.79718017578125,0.09901297653640317
2026-02-01,JPM,297.4310607910156,-0.018274626056834276
2026-02-01,KO,80.00598907470703,0.09022851087369999
2026-02-01,MA,515.4586791992188,-0.04005254589212137
2026-02-01,META,646.5155639648438,-0.09535244366039364
2026-02-01,MSFT,391.15484619140625,-0.08518351769513588
2026-02-01,NVDA,176.77635192871094,-0.07293464314527709
2026-02-01,PEP,164.72560119628906,0.1048622936236332
2026-02-01,PG,164.72073364257812,0.10166688897023568
2026-02-01,TSLA,402.510009765625,-0.06482189925675397
2026-02-01,UNH,287.5841064453125,0.022095837713382416
2026-02-01,V,318.8852844238281,-0.003200010531559494
2026-02-01,WMT,127.14035034179688,0.07394659943934112
2026-03-01,AAPL,253.33790588378906,-0.03932929687093156
2026-03-01,ACN,194.28643798828125,-0.049971288930061974
2026-03-01,AMZN,208.27000427246094,-0.008238074893043179
2026-03-01,AVGO,308.4592590332031,-0.029387280370583913
2026-03-01,BRK-B,479.20001220703125,-0.05099514680166484
2026-03-01,COST,993.4067993164062,-0.014206744807467864
2026-03-01,GOOGL,287.2037353515625,-0.07697453039539937
2026-03-01,JNJ,241.84947204589844,-0.01606083571446837
2026-03-01,JPM,291.3497314453125,-0.020446181140362008
2026-03-01,KO,75.11393737792969,-0.06114606860505534
2026-03-01,MA,497.96807861328125,-0.03393210996681573
2026-03-01,META,571.1494750976562,-0.11657273709699234
2026-03-01,MSFT,368.67596435546875,-0.05746798756249527
2026-03-01,NVDA,174.0022735595703,-0.015692587491902388
2026-03-01,PEP,152.0488739013672,-0.07695663092354499
2026-03-01,PG,142.29823303222656,-0.1361243367152879
2026-03-01,TSLA,371.75,-0.07642048401115797
2026-03-01,UNH,267.40673828125,-0.07016162476245702
2026-03-01,V,301.055419921875,-0.05591309907626718
2026-03-01,WMT,123.74702453613281,-0.026689605593673726
2026-04-01,AAPL,270.86663818359375,0.06919111547343992
2026-04-01,ACN,176.58668518066406,-0.0911013295157781
2026-04-01,AMZN,265.05999755859375,0.27267485533749536
2026-04-01,AVGO,416.0128479003906,0.34868004677275777
2026-04-01,BRK-B,473.6000061035156,-0.011686156011816218
2026-04-01,COST,1011.451904296875,0.01816486961120667
2026-04-01,GOOGL,384.3232421875,0.33815544466040715
2026-04-01,JNJ,227.41409301757812,-0.0596874531344056
2026-04-01,JPM,311.82525634765625,0.07027816638364426
2026-04-01,KO,77.79057312011719,0.03563434211576766
2026-04-01,MA,502.078369140625,0.0082541245189649
2026-04-01,META,610.8612670898438,0.06952959553258364
2026-04-01,MSFT,406.1341552734375,0.10160193378338178
2026-04-01,NVDA,199.11488342285156,0.14432345824885928
2026-04-01,PEP,155.1820831298828,0.020606592789027323
2026-04-01,PG,146.00010681152344,0.026014896323122372
2026-04-01,TSLA,381.6300048828125,0.026577013807162153
2026-04-01,UNH,366.1216125488281,0.36915627071354096
2026-04-01,V,328.5472717285156,0.0913182423813359
2026-04-01,WMT,131.3642120361328,0.06155451032906134
2026-05-01,AAPL,311.7911071777344,0.15108715221843583
2026-05-01,ACN,184.8473663330078,0.046779750941540854
2026-05-01,AMZN,270.6400146484375,0.021051901989134425
2026-05-01,AVGO,445.25323486328125,0.0702872209607619
2026-05-01,BRK-B,474.4800109863281,0.0018581183941541735
2026-05-01,COST,954.8019409179688,-0.05600855872458643
2026-05-01,GOOGL,379.8687744140625,-0.01159041994984078
2026-05-01,JNJ,224.22413635253906,-0.014027084349572339
2026-05-01,JPM,297.9676818847656,-0.04444019264251231
2026-05-01,KO,78.0374984741211,0.0031742323536121386
2026-05-01,MA,493.1533203125,-0.017776206617706736
2026-05-01,META,631.426025390625,0.03366518620300196
2026-05-01,MSFT,449.3940124511719,0.10651617603697683
2026-05-01,NVDA,210.6584930419922,0.05797461957992356
2026-05-01,PEP,141.1805419921875,-0.09022653166716699
2026-05-01,PG,142.4962615966797,-0.02399892227042677
2026-05-01,TSLA,435.7900085449219,0.14191757191298504
2026-05-01,UNH,375.8359680175781,0.026533138541375845
2026-05-01,V,325.75482177734375,-0.00849938560281005
2026-05-01,WMT,115.47355651855469,-0.12096639770660877
2026-06-01,AAPL,289.11065673828125,-0.07274245453871875
2026-06-01,ACN,122.96148681640625,-0.334794488795217
2026-06-01,AMZN,238.33999633789062,-0.11934679486514488
2026-06-01,AVGO,377.0633850097656,-0.1531484658936928
2026-06-01,BRK-B,500.3900146484375,0.05460715533252669
2026-06-01,COST,933.9849853515625,-0.02180238086486541
2026-06-01,GOOGL,357.14044189453125,-0.05983206320284973
2026-06-01,JNJ,252.7235870361328,0.12710251067166634
2026-06-01,JPM,325.86199951171875,0.09361524528603349
2026-06-01,KO,80.78792572021484,0.03524494377540632
2026-06-01,MA,512.740478515625,0.03971819188140735
2026-06-01,META,562.8457641601562,-0.108611711384627
2026-06-01,MSFT,372.319091796875,-0.17150856157139238
2026-06-01,NVDA,199.86634826660156,-0.05123052301166586
2026-06-01,PEP,133.9688262939453,-0.05108151305044051
2026-06-01,PG,145.55343627929688,0.021454420265916818
2026-06-01,TSLA,420.6000061035156,-0.034856243015127464
2026-06-01,UNH,413.0863952636719,0.09911352402639517
2026-06-01,V,342.45379638671875,0.05126240194470211
2026-06-01,WMT,112.989501953125,-0.021511891036546937
2026-07-01,AAPL,308.6438293457031,0.06756296301144094
2026-07-01,ACN,165.9199981689453,0.3493655815717356
2026-07-01,AMZN,271.5799865722656,0.1394645915293682
2026-07-01,AVGO,388.5724182128906,0.03052280773119076
2026-07-01,BRK-B,511.5400085449219,0.02228260670692661
2026-07-01,COST,951.8900146484375,0.01917057509242004
2026-07-01,GOOGL,355.9012451171875,-0.0034697744415898013
2026-07-01,JNJ,255.09190368652344,0.009371173771967722
2026-07-01,JPM,351.7900085449219,0.07956745208724691
2026-07-01,KO,87.0704345703125,0.07776544321555279
2026-07-01,MA,573.0999755859375,0.1177193913869492
2026-07-01,META,556.27099609375,-0.011681296165063415
2026-07-01,MSFT,463.8468017578125,0.24583136341252132
2026-07-01,NVDA,200.52561950683594,0.0032985604928097434
2026-07-01,PEP,138.08485412597656,0.03072377317839714
2026-07-01,PG,144.49000549316406,-0.0073061194109649286
2026-07-01,TSLA,311.2099914550781,-0.26008086795299534
2026-07-01,UNH,411.8638916015625,-0.0029594382098424576
2026-07-01,V,365.4510803222656,0.06715441375798625
2026-07-01,WMT,110.93441772460938,-0.018188275839716495
2026-08-01,AAPL,316.8500061035156,0.026587852979950588
2026-08-01,ACN,189.75999450683594,0.1436836825035155
2026-08-01,AMZN,259.7699890136719,-0.04348625871756273
2026-08-01,AVGO,369.6668395996094,-0.04865393869238366
2026-08-01,BRK-B,504.0299987792969,-0.014681177699056747
2026-08-01,COST,943.8900146484375,-0.008404332304036921
2026-08-01,GOOGL,339.13201904296875,-0.0471176381209264
2026-08-01,JNJ,265.8500061035156,0.0421734373436351
2026-08-01,JPM,356.0199890136719,0.01202416318259325
2026-08-01,KO,88.14402770996094,0.012330168615173998
2026-08-01,MA,589.3099975585938,0.028284806601297063
2026-08-01,META,571.888671875,0.02807566076772039
2026-08-01,MSFT,507.2900085449219,0.0936585239403942
2026-08-01,NVDA,220.53323364257812,0.09977585001332034
2026-08-01,PEP,138.8566131591797,0.005589020157844571
2026-08-01,PG,145.1199951171875,0.004360091356306661
2026-08-01,TSLA,367.95001220703125,0.18232069120487515
2026-08-01,UNH,387.02685546875,-0.06030399032124878
2026-08-01,V,379.3699951171875,0.038086943901350034
2026-08-01,WMT,104.87000274658203,-0.0546666679504465
2026-09-01,AAPL,333.0199890136719,0.051033557199533286
2026-09-01,ACN,183.3699951171875,-0.033674112429520786
2026-09-01,AMZN,249.14999389648438,-0.040882301906817076
2026-09-01,AVGO,351.19000244140625,-0.049982403556174004
2026-09-01,BRK-B,497.95001220703125,-0.012062747429697929
2026-09-01,COST,910.3400268554688,-0.03554438257879533
2026-09-01,GOOGL,344.0799865722656,0.014590092505154972
2026-09-01,JNJ,264.739990234375,-0.004175346412098269
2026-09-01,JPM,330.8299865722656,-0.07075446103796967
2026-09-01,KO,86.08000183105469,-0.02341651422712332
2026-09-01,MA,551.469970703125,-0.06421073291176671
2026-09-01,META,725.1799926757812,0.2680439888732169
2026-09-01,MSFT,512.9000244140625,0.011058794327986066
2026-09-01,NVDA,228.3800048828125,0.035580901393536646
2026-09-01,PEP,126.72000122070312,-0.08740391733855435
2026-09-01,PG,145.27999877929688,0.0011025611045547556
2026-09-01,TSLA,354.80999755859375,-0.03571141245415732
2026-09-01,UNH,367.0799865722656,-0.05153872041340801
2026-09-01,V,359.3299865722656,-0.05282444263609065
2026-09-01,WMT,103.91999816894531,-0.009058878161111505
2026-10-01,AAPL,333.69000244140625,0.002011931565185643
2026-10-01,ACN,198.89999389648438,0.08469214807674508
2026-10-01,AMZN,251.52000427246094,0.009512383841202343
2026-10-01,AVGO,355.1400146484375,0.011247507558790115
2026-10-01,BRK-B,502.6499938964844,0.009438661661281378
2026-10-01,COST,920.6500244140625,0.011325435831056385
2026-10-01,GOOGL,343.5,-0.0016856155396989259
2026-10-01,JNJ,256.0299987792969,-0.03290017291066283
2026-10-01,JPM,332.3800048828125,0.0046852412824081036
2026-10-01,KO,85.6500015258789,-0.004995356598849976
2026-10-01,MA,552.260009765625,0.0014326057708866635
2026-10-01,META,728.0800170898438,0.003999040849654412
2026-10-01,MSFT,517.530029296875,0.00902710988969413
2026-10-01,NVDA,233.9499969482422,0.024389140670558307
2026-10-01,PEP,125.88999938964844,-0.006549888123889014
2026-10-01,PG,144.91000366210938,-0.0025467725791323836
2026-10-01,TSLA,370.5899963378906,0.04447450434846023
2026-10-01,UNH,371.8999938964844,0.013130673151721561
2026-10-01,V,360.6600036621094,0.003701380735104065
2026-10-01,WMT,104.26000213623047,0.003271785732062993
